id,name,email,message,created,pin
1,Antons Frank,afrank0@last.fm,nunc proin at turpis a pede,2021-01-21T00:59:21Z,8445
2,Tad Devenport,tdevenport1@narod.ru,maecenas tincidunt lacus at velit,2020-06-24T01:30:01Z,3078
3,Galina Yarnton,gyarnton2@livejournal.com,rutrum neque aenean auctor gravida,2020-11-10T19:53:37Z,5832
4,Hestia Dorr,hdorr3@loc.gov,morbi a ipsum integer,2020-06-12T21:10:14Z,1784
5,Shari Balloch,sballoch4@intel.com,odio condimentum id luctus,2020-08-11T03:57:12Z,5781
6,Natalee Kobiera,nkobiera5@abc.net.au,ac lobortis vel dapibus at,2021-03-02T17:48:37Z,8089
7,Nina Hinners,nhinners6@xrea.com,enim in tempor turpis nec euismod,2020-04-29T20:36:14Z,8397
8,Hieronymus Heavens,hheavens7@furl.net,aenean lectus pellentesque eget nunc,2020-10-13T23:26:31Z,8709
9,Candi Trobey,ctrobey8@tumblr.com,suscipit a,2020-12-30T20:07:48Z,3946
10,Dalila Aspy,daspy9@princeton.edu,convallis nunc proin,2021-03-01T05:35:31Z,7663
11,Dorene Belderfield,dbelderfielda@ezinearticles.com,fringilla rhoncus mauris,2021-03-04T04:06:28Z,4474
12,Harlin De Gowe,hdeb@bloglovin.com,semper rutrum,2020-12-17T19:30:49Z,4889
13,Tierney Conew,tconewc@nasa.gov,pulvinar nulla pede ullamcorper augue a,2020-07-08T06:28:27Z,7974
14,Eada Codlin,ecodlind@reverbnation.com,amet cursus id turpis integer,2020-09-01T03:06:27Z,1894
15,Helsa Jaulme,hjaulmee@ning.com,donec dapibus duis at velit eu,2021-03-31T16:49:57Z,2258
16,Chancey Sauvain,csauvainf@cnet.com,nullam sit amet turpis,2021-02-12T19:52:48Z,1701
17,Evey Speck,especkg@hubpages.com,justo eu massa donec dapibus,2021-02-02T09:23:54Z,1432
18,Minette Whitcomb,mwhitcombh@webeden.co.uk,in quis,2020-08-16T13:35:15Z,8531
19,Gregoire Cast,gcasti@mit.edu,ac tellus,2021-01-11T04:10:22Z,2526
20,Almire Peterffy,apeterffyj@biblegateway.com,nulla nisl nunc nisl,2020-04-08T00:57:51Z,6703
21,Ira Polson,ipolsonk@shareasale.com,cursus urna ut tellus nulla ut,2020-05-12T19:08:45Z,6135
22,Melisa Galler,mgallerl@phoca.cz,pellentesque quisque porta,2021-01-26T11:06:42Z,1603
23,Helenelizabeth Wormstone,hwormstonem@squarespace.com,id luctus,2020-09-17T21:46:50Z,8125
24,Ardyce Higbin,ahigbinn@bluehost.com,sed accumsan felis,2021-01-31T00:04:16Z,7558
25,Janaye Blenkensop,jblenkensopo@dedecms.com,amet erat nulla tempus,2020-10-30T01:07:56Z,8585
26,Viviene Passler,vpasslerp@techcrunch.com,pellentesque ultrices,2020-04-28T19:07:21Z,8306
27,Antonius Stoeck,astoeckq@accuweather.com,magna vulputate luctus cum sociis natoque,2020-09-10T09:09:21Z,1358
28,Boniface Stubbley,bstubbleyr@princeton.edu,luctus et ultrices posuere cubilia curae,2020-08-29T15:19:20Z,1407
29,Lemmie Muschette,lmuschettes@stanford.edu,ipsum ac tellus semper interdum,2020-11-09T11:52:49Z,5143
30,Maurita Schimonek,mschimonekt@jimdo.com,gravida nisi at nibh in hac,2020-08-02T18:21:23Z,2014
31,Scarlett Anney,sanneyu@delicious.com,vulputate elementum nullam varius,2021-03-15T18:36:00Z,3822
32,Nessy Bryce,nbrycev@fema.gov,sed accumsan felis ut,2020-11-05T15:44:58Z,5971
33,Adelaida Stable,astablew@ca.gov,dui vel sem sed sagittis,2020-09-09T07:09:05Z,8629
34,Agatha Dewane,adewanex@utexas.edu,quisque arcu,2020-09-03T07:10:40Z,4054
35,Guilbert Niccolls,gniccollsy@yellowpages.com,nec sem duis aliquam,2020-11-02T07:45:33Z,3267
36,Eydie Nunnery,enunneryz@phoca.cz,sapien non mi integer ac,2020-07-06T13:33:34Z,3910
37,Teddie Coppledike,tcoppledike10@topsy.com,eu nibh quisque id justo,2020-08-16T12:51:56Z,1112
38,Beth Udden,budden11@fema.gov,a suscipit,2021-04-05T07:19:15Z,5080
39,Kristine Fairclough,kfairclough12@artisteer.com,aliquam non,2020-09-30T01:38:27Z,8229
40,Norbert Brent,nbrent13@ebay.co.uk,non mi integer,2020-05-07T18:17:10Z,1909
41,Connie Jzak,cjzak14@joomla.org,rutrum rutrum,2021-01-15T14:26:58Z,5178
42,Melloney Swettenham,mswettenham15@wordpress.org,mauris enim leo rhoncus sed vestibulum,2020-10-18T03:20:15Z,2180
43,Cazzie Huson,chuson16@etsy.com,primis in faucibus orci luctus,2020-07-24T20:43:53Z,7408
44,Kania Bendare,kbendare17@jigsy.com,amet consectetuer adipiscing,2020-12-02T21:05:13Z,6055
45,Goober Knagges,gknagges18@shareasale.com,nunc commodo placerat praesent blandit,2021-03-15T17:46:57Z,8951
46,Fredi Carvill,fcarvill19@home.pl,praesent blandit nam nulla,2021-03-03T13:52:58Z,4374
47,Katina Hugenin,khugenin1a@alexa.com,natoque penatibus,2021-01-24T09:31:16Z,7313
48,Kiley MacGorley,kmacgorley1b@europa.eu,augue luctus tincidunt,2021-03-31T10:23:06Z,6804
49,Avram Roose,aroose1c@shop-pro.jp,id consequat in consequat ut nulla,2020-10-25T17:40:44Z,9747
50,Amelina Giannazzi,agiannazzi1d@wix.com,aliquet ultrices erat tortor sollicitudin mi,2020-09-21T21:51:58Z,8744
51,Darya McEvilly,dmcevilly1e@google.com.hk,quis tortor id nulla ultrices aliquet,2020-07-21T12:49:03Z,3766
52,Rowland Maken,rmaken1f@yale.edu,hac habitasse platea dictumst,2020-12-28T00:39:22Z,6902
53,Zachery Boots,zboots1g@time.com,sed ante vivamus tortor duis,2020-05-02T12:14:25Z,6536
54,Verna Farncombe,vfarncombe1h@aol.com,facilisi cras non,2020-04-18T00:15:52Z,8932
55,Owen Siuda,osiuda1i@ucoz.ru,turpis integer aliquet massa id,2021-03-09T16:34:40Z,9468
56,Rachel Manilo,rmanilo1j@un.org,ante vestibulum ante ipsum,2020-12-27T15:30:30Z,3463
57,Karlie Birckmann,kbirckmann1k@hhs.gov,ipsum primis in faucibus orci,2020-08-26T04:06:53Z,3633
58,Arabel Cackett,acackett1l@blogtalkradio.com,ridiculus mus,2021-04-06T20:15:45Z,5907
59,Sonnnie Bleby,sbleby1m@angelfire.com,platea dictumst aliquam augue quam,2020-08-10T21:08:05Z,4468
60,Luca Poor,lpoor1n@cdc.gov,eget tincidunt eget tempus,2021-01-18T06:43:29Z,6956
61,Lauren Peart,lpeart1o@europa.eu,penatibus et magnis dis parturient,2020-08-24T01:42:06Z,5228
62,Lynna Mizzen,lmizzen1p@ameblo.jp,a pede posuere nonummy integer,2020-07-07T18:55:49Z,1781
63,Milka Sims,msims1q@networkadvertising.org,pede malesuada,2020-04-16T14:55:33Z,7397
64,Feodor Conneau,fconneau1r@fema.gov,luctus et ultrices,2020-11-19T13:15:49Z,4859
65,Maxwell Menure,mmenure1s@wired.com,suspendisse potenti cras in purus eu,2020-05-22T07:45:23Z,6433
66,Zacharie Jewiss,zjewiss1t@spotify.com,tristique fusce congue diam,2020-06-01T08:07:52Z,5319
67,Taite Durrans,tdurrans1u@pbs.org,turpis adipiscing,2020-06-15T22:46:29Z,7461
68,Florinda Yersin,fyersin1v@go.com,suspendisse potenti nullam porttitor,2020-10-12T13:30:09Z,1207
69,Bobinette Petrelli,bpetrelli1w@bigcartel.com,nisi vulputate nonummy maecenas tincidunt,2020-04-24T09:15:29Z,8090
70,Brenna McQuillan,bmcquillan1x@topsy.com,lorem quisque ut erat curabitur,2020-04-24T11:10:39Z,4393
71,Findley Grierson,fgrierson1y@oaic.gov.au,sociis natoque,2020-09-07T14:38:29Z,1803
72,Brook Iveagh,biveagh1z@yahoo.co.jp,non pretium quis lectus suspendisse potenti,2020-05-03T20:14:48Z,6985
73,Arlana Giocannoni,agiocannoni20@163.com,nulla quisque arcu libero rutrum ac,2021-03-08T00:17:20Z,1373
74,Binky Pentelo,bpentelo21@ebay.com,rhoncus aliquet pulvinar sed nisl nunc,2020-10-03T09:45:14Z,9594
75,Justin Harriday,jharriday22@sourceforge.net,morbi non lectus aliquam sit amet,2020-10-01T13:20:59Z,8638
76,Kellia Toolan,ktoolan23@google.co.uk,volutpat in congue etiam justo,2020-05-16T21:57:39Z,8804
77,Theresina Rizzardo,trizzardo24@dyndns.org,sapien in sapien iaculis,2020-11-23T17:25:54Z,3478
78,Aleda Fevier,afevier25@symantec.com,libero convallis,2020-12-04T12:28:55Z,9162
79,Beau Clulow,bclulow26@bigcartel.com,adipiscing elit proin risus,2020-05-31T23:43:10Z,9063
80,Pyotr Loughan,ploughan27@adobe.com,elementum in hac,2020-06-24T11:23:12Z,5322
81,Gene Poge,gpoge28@jalbum.net,tempus sit,2020-09-26T21:58:40Z,1019
82,Cecily Long,clong29@godaddy.com,malesuada in imperdiet et,2021-01-13T20:44:05Z,4706
83,Nealon Kemshell,nkemshell2a@exblog.jp,vitae consectetuer eget rutrum,2020-06-04T13:58:55Z,6868
84,Bernetta Hanby,bhanby2b@yellowbook.com,rutrum rutrum neque aenean auctor gravida,2021-01-15T03:30:58Z,1627
85,Cosmo Algeo,calgeo2c@jalbum.net,in faucibus,2020-08-11T15:11:40Z,6188
86,Dolorita Tebbe,dtebbe2d@booking.com,aenean sit amet justo morbi ut,2021-02-19T09:51:52Z,4513
87,Zollie Mahady,zmahady2e@examiner.com,primis in faucibus orci luctus,2021-02-28T10:57:02Z,9139
88,Petronia Ferrelli,pferrelli2f@surveymonkey.com,nulla tempus vivamus,2020-05-16T18:17:36Z,5827
89,Hubey Showler,hshowler2g@deviantart.com,lorem id ligula,2020-08-09T22:50:38Z,8257
90,Graeme Sands,gsands2h@lulu.com,suspendisse accumsan,2020-05-16T16:59:55Z,1484
91,Andras Linck,alinck2i@businesswire.com,arcu sed augue aliquam erat,2021-04-05T03:01:50Z,5776
92,Pet Banbrook,pbanbrook2j@youtube.com,fringilla rhoncus mauris,2020-08-20T03:50:26Z,8234
93,Gardener Jedrych,gjedrych2k@theguardian.com,nibh in quis justo maecenas rhoncus,2020-09-16T06:43:26Z,8705
94,Antone Bendare,abendare2l@patch.com,lobortis sapien sapien non,2020-12-18T07:57:11Z,1387
95,Irita Jertz,ijertz2m@creativecommons.org,felis eu sapien cursus vestibulum proin,2020-04-15T20:53:19Z,2185
96,Felike Briars,fbriars2n@un.org,praesent lectus vestibulum quam sapien,2020-07-20T14:02:12Z,3139
97,Rosette Sainteau,rsainteau2o@wikia.com,ut at dolor quis odio consequat,2020-12-25T16:19:14Z,3312
98,Robert Macauley,rmacauley2p@si.edu,quam fringilla rhoncus mauris,2020-12-21T15:18:01Z,3036
99,Rockey Tort,rtort2q@mysql.com,eros vestibulum,2021-03-17T08:47:56Z,3888
100,Nevsa Dory,ndory2r@51.la,vestibulum sed,2020-04-08T11:36:23Z,1925
101,Vanny Poulgreen,vpoulgreen2s@google.it,nisl nunc nisl,2021-03-24T18:04:43Z,8705
102,Vaughan Arnaudot,varnaudot2t@nyu.edu,mauris laoreet ut,2021-02-15T04:47:55Z,7371
103,Teresa Lincoln,tlincoln2u@edublogs.org,nulla dapibus,2020-06-02T06:27:59Z,8435
104,Cris Baruch,cbaruch2v@skyrock.com,ipsum dolor,2020-12-31T21:04:16Z,2529
105,Andre Haysman,ahaysman2w@dagondesign.com,pharetra magna,2021-01-31T15:21:18Z,5294
106,Keary Crowch,kcrowch2x@sfgate.com,ut erat id mauris vulputate,2021-01-31T00:00:31Z,4475
107,Minne Kilfeather,mkilfeather2y@ameblo.jp,pede lobortis ligula sit amet eleifend,2020-12-28T22:20:39Z,2085
108,Zuzana Fever,zfever2z@altervista.org,lacus curabitur at ipsum,2020-09-02T14:22:50Z,8113
109,Xaviera Timmins,xtimmins30@discovery.com,rhoncus aliquet,2021-04-05T10:10:19Z,6780
110,Roldan Munt,rmunt31@is.gd,morbi porttitor lorem id ligula suspendisse,2020-04-26T10:41:12Z,2539
111,Elfreda Danielot,edanielot32@list-manage.com,lacinia nisi venenatis tristique fusce congue,2020-10-06T15:04:04Z,1183
112,Hussein Sackur,hsackur33@ed.gov,amet diam in magna bibendum,2020-08-23T15:38:44Z,4538
113,Mahala McGlaughn,mmcglaughn34@dropbox.com,pede libero quis orci,2020-10-10T09:15:08Z,3855
114,Mario Brierley,mbrierley35@arstechnica.com,nascetur ridiculus mus vivamus,2020-08-23T09:24:36Z,5595
115,Renado Lawee,rlawee36@dropbox.com,cras pellentesque volutpat dui maecenas,2020-12-12T21:42:16Z,6234
116,Gayelord Gare,ggare37@bing.com,amet consectetuer adipiscing elit,2020-07-01T22:39:09Z,9774
117,Menard Dall,mdall38@sciencedirect.com,maecenas pulvinar lobortis est phasellus sit,2020-11-26T11:29:47Z,9993
118,Christan Salisbury,csalisbury39@usgs.gov,enim lorem ipsum,2020-08-05T08:29:57Z,2271
119,Kristofor McDougle,kmcdougle3a@ftc.gov,et ultrices posuere,2020-06-10T21:41:30Z,9970
120,Deck Bauldry,dbauldry3b@japanpost.jp,platea dictumst morbi,2021-03-10T08:12:07Z,7168
121,Onofredo MacGillespie,omacgillespie3c@imageshack.us,at diam nam tristique tortor,2021-02-06T17:03:23Z,7978
122,Rodd Hanbury,rhanbury3d@bluehost.com,vel ipsum praesent blandit,2020-10-10T09:01:21Z,7106
123,Antoinette Faber,afaber3e@java.com,ultrices aliquet maecenas leo odio,2020-06-12T20:28:23Z,5253
124,Katuscha Stancliffe,kstancliffe3f@usnews.com,eget semper rutrum,2020-10-26T01:10:55Z,2210
125,Tommi Bowker,tbowker3g@wikimedia.org,ligula suspendisse ornare,2020-08-26T11:31:07Z,1607
126,Claudia Aron,caron3h@amazon.co.jp,duis aliquam convallis nunc proin at,2020-08-08T04:05:52Z,7541
127,Ailee Stroder,astroder3i@craigslist.org,turpis eget elit,2020-06-04T06:29:09Z,2247
128,Sara Capps,scapps3j@hexun.com,sollicitudin ut suscipit a,2020-09-17T17:37:19Z,1819
129,Gorden Ganniclifft,gganniclifft3k@phoca.cz,luctus ultricies eu nibh,2020-06-03T06:56:13Z,2824
130,Cammi Buffery,cbuffery3l@wisc.edu,condimentum neque sapien placerat ante nulla,2020-05-20T20:24:21Z,8610
131,Evania Shreve,eshreve3m@indiatimes.com,id ligula suspendisse ornare consequat lectus,2020-08-12T18:22:02Z,7103
132,Luis Berkelay,lberkelay3n@imgur.com,sapien ut nunc vestibulum ante,2020-12-27T18:37:50Z,3871
133,Dora Packman,dpackman3o@mail.ru,primis in faucibus orci luctus et,2020-06-05T23:19:43Z,6017
134,Moses Eicheler,meicheler3p@imageshack.us,vivamus tortor duis mattis egestas metus,2020-12-21T03:39:24Z,6664
135,Andrew Labdon,alabdon3q@economist.com,id massa,2020-08-12T09:34:47Z,2004
136,Doll Cuchey,dcuchey3r@blinklist.com,convallis nulla,2020-05-03T11:46:34Z,8630
137,Carolynn Schult,cschult3s@google.co.uk,nunc vestibulum ante ipsum primis,2020-10-24T22:40:37Z,3355
138,Stephenie Rutt,srutt3t@51.la,faucibus orci luctus et ultrices,2020-09-26T07:25:52Z,5912
139,Kellsie Tincey,ktincey3u@xinhuanet.com,sapien a libero,2020-11-10T14:52:21Z,8440
140,Kipper Brumbie,kbrumbie3v@nba.com,in magna,2020-06-08T00:53:26Z,3393
141,Koo Pegden,kpegden3w@virginia.edu,imperdiet et commodo,2020-07-20T18:42:49Z,6659
142,Beck Brecon,bbrecon3x@cbslocal.com,ac neque duis bibendum,2020-12-21T04:10:20Z,9489
143,Matthiew Lithcow,mlithcow3y@techcrunch.com,suspendisse potenti in,2020-06-28T15:54:20Z,8379
144,Carlynn Perrington,cperrington3z@mediafire.com,consequat ut,2020-06-09T03:03:42Z,7511
145,Basilius MacFarland,bmacfarland40@alexa.com,augue vel accumsan tellus nisi,2021-03-23T16:09:27Z,5080
146,Rica Camilleri,rcamilleri41@apache.org,molestie nibh in lectus pellentesque at,2021-03-27T03:06:02Z,1220
147,Cordey Collens,ccollens42@fotki.com,purus eu magna,2020-10-15T16:29:06Z,1910
148,Tiff McOwen,tmcowen43@time.com,et tempus semper est quam pharetra,2020-08-17T01:23:27Z,6554
149,Karen Glassman,kglassman44@timesonline.co.uk,dolor sit amet consectetuer adipiscing,2020-05-18T07:06:20Z,3516
150,Cleavland Pretious,cpretious45@census.gov,faucibus orci luctus et ultrices posuere,2020-12-11T17:17:26Z,3612
151,Arabele Ganiford,aganiford46@webmd.com,vivamus vestibulum sagittis sapien,2020-08-13T06:28:16Z,4072
152,Betsy Mairs,bmairs47@instagram.com,justo eu massa donec dapibus duis,2021-01-14T06:22:54Z,7396
153,Lucius Wheatcroft,lwheatcroft48@privacy.gov.au,interdum mauris non ligula pellentesque,2020-12-08T17:32:08Z,9396
154,Georgette Prestedge,gprestedge49@cam.ac.uk,dolor quis odio,2021-02-19T09:16:10Z,5977
155,Shayna Mouget,smouget4a@sciencedaily.com,mi nulla ac enim,2020-10-16T21:01:30Z,9831
156,Hulda Snalom,hsnalom4b@flickr.com,posuere cubilia curae duis,2020-07-03T18:43:31Z,1146
157,Dallon Percy,dpercy4c@ifeng.com,erat curabitur gravida nisi at nibh,2021-02-25T04:27:22Z,9125
158,Aubrie Yearsley,ayearsley4d@technorati.com,maecenas tincidunt lacus at velit vivamus,2021-01-15T05:07:59Z,9963
159,Dante Routley,droutley4e@google.fr,in blandit,2021-03-28T23:34:58Z,8960
160,Joaquin Warrington,jwarrington4f@opera.com,orci mauris lacinia,2021-02-28T06:46:15Z,9904
161,Ingaborg Dobbing,idobbing4g@surveymonkey.com,vestibulum ante,2020-11-29T22:25:11Z,8359
162,Walden Storek,wstorek4h@nsw.gov.au,augue luctus tincidunt,2020-06-05T00:06:54Z,7936
163,Doloritas Stolberg,dstolberg4i@dot.gov,praesent blandit nam nulla integer,2020-05-13T06:58:13Z,3955
164,Manda Dootson,mdootson4j@edublogs.org,magnis dis parturient montes,2020-06-08T06:15:20Z,7748
165,Sibylla Pitcock,spitcock4k@sciencedaily.com,consequat varius integer ac leo,2020-11-21T22:59:32Z,2415
166,Isaiah Belvin,ibelvin4l@google.ca,eget nunc donec,2021-03-11T17:53:41Z,1518
167,Brannon Seage,bseage4m@arstechnica.com,eget elit sodales scelerisque,2020-12-31T08:58:06Z,3725
168,Reidar Dukesbury,rdukesbury4n@privacy.gov.au,nam dui proin leo,2020-12-28T13:35:24Z,5180
169,Christina Ashpole,cashpole4o@rediff.com,nibh in,2020-07-05T12:05:57Z,9967
170,Eadie Cable,ecable4p@odnoklassniki.ru,malesuada in imperdiet et commodo,2020-05-09T01:35:11Z,1376
171,Rouvin Snowsill,rsnowsill4q@aol.com,faucibus orci luctus et,2020-09-29T05:21:13Z,8798
172,Dimitri Pridgeon,dpridgeon4r@smugmug.com,ut nulla sed accumsan felis,2020-11-22T16:19:08Z,8343
173,Geri Voak,gvoak4s@independent.co.uk,ut volutpat,2020-04-12T00:47:36Z,7660
174,Conrad Nutbeam,cnutbeam4t@earthlink.net,nullam sit,2020-08-28T15:14:06Z,1425
175,Veriee Ivanyushkin,vivanyushkin4u@indiatimes.com,ac tellus semper interdum,2020-07-10T00:33:23Z,8285
176,Vicki Iskowitz,viskowitz4v@studiopress.com,vestibulum rutrum rutrum neque,2021-02-23T04:50:46Z,9923
177,Karee Francesconi,kfrancesconi4w@multiply.com,sit amet eleifend,2020-08-06T11:47:42Z,1363
178,Saidee Armsden,sarmsden4x@wsj.com,vestibulum vestibulum ante,2020-06-17T22:53:24Z,4241
179,Elizabeth Fitzhenry,efitzhenry4y@topsy.com,nec euismod scelerisque quam turpis adipiscing,2020-04-09T09:27:55Z,3505
180,Sean Jakovijevic,sjakovijevic4z@netscape.com,vestibulum ante,2020-10-11T09:27:24Z,3714
181,Aile Speares,aspeares50@ning.com,erat quisque erat eros viverra,2020-07-08T08:36:07Z,7142
182,Giffy Lozano,glozano51@uiuc.edu,quam suspendisse potenti nullam,2020-12-07T08:27:36Z,3390
183,Sadye Foord,sfoord52@domainmarket.com,a suscipit nulla elit ac nulla,2021-02-15T08:47:49Z,8734
184,Sarah Fallen,sfallen53@soup.io,diam cras pellentesque,2020-06-05T14:00:00Z,1237
185,Leila Cocher,lcocher54@pagesperso-orange.fr,pellentesque ultrices,2020-06-16T09:09:27Z,8459
186,Sawyer Borzoni,sborzoni55@discuz.net,urna pretium nisl ut,2020-04-19T01:40:07Z,1687
187,Nanette Varren,nvarren56@netlog.com,massa quis augue luctus tincidunt,2020-04-13T06:25:21Z,6429
188,Stephanie Keilty,skeilty57@istockphoto.com,vestibulum sed magna at nunc,2020-08-05T07:19:34Z,2109
189,Lotti Gorger,lgorger58@1688.com,sapien cum sociis natoque,2020-07-05T13:03:31Z,7532
190,Yorke Krolman,ykrolman59@qq.com,facilisi cras non velit nec,2020-10-27T07:52:21Z,5435
191,Frasquito Gathwaite,fgathwaite5a@jigsy.com,fusce lacus purus aliquet,2020-04-12T22:27:50Z,3290
192,Layla Cowperthwaite,lcowperthwaite5b@yahoo.co.jp,donec vitae nisi nam ultrices libero,2020-09-05T18:12:53Z,6376
193,Garv Teggin,gteggin5c@ustream.tv,leo maecenas pulvinar lobortis est phasellus,2020-07-28T01:55:18Z,6353
194,Wells Maryin,wmaryin5d@comcast.net,ultrices erat,2021-02-03T04:00:42Z,9220
195,Morry Wethers,mwethers5e@umich.edu,dui maecenas tristique est,2020-08-11T20:25:30Z,6859
196,Kennedy Sterre,ksterre5f@list-manage.com,donec vitae nisi nam ultrices libero,2020-11-14T23:52:52Z,1276
197,Keane Bumfrey,kbumfrey5g@google.co.jp,vulputate nonummy maecenas tincidunt,2020-11-06T04:23:45Z,4429
198,Ariel Gallone,agallone5h@rediff.com,luctus et ultrices posuere cubilia curae,2020-06-30T00:24:57Z,3652
199,Rocky Lund,rlund5i@weibo.com,vel est donec odio,2020-09-30T18:38:21Z,1139
200,Quintus Molyneaux,qmolyneaux5j@nih.gov,id turpis integer aliquet massa,2020-11-21T01:11:10Z,1231
201,Melamie Dumper,mdumper5k@quantcast.com,luctus ultricies eu,2020-04-21T00:14:52Z,7987
202,Dolores Sherrett,dsherrett5l@chron.com,lacinia erat,2020-07-13T06:41:18Z,7305
203,Thebault Gauvin,tgauvin5m@gnu.org,curabitur convallis duis consequat dui nec,2020-05-02T05:43:11Z,6362
204,Kali Leare,kleare5n@utexas.edu,et eros vestibulum ac est,2020-06-25T19:49:13Z,5996
205,Olenka Kinder,okinder5o@boston.com,aenean lectus,2020-10-23T10:55:02Z,8050
206,Mark Attwoul,mattwoul5p@1und1.de,sapien non mi integer ac neque,2021-02-21T07:08:00Z,3338
207,Eden Binny,ebinny5q@ehow.com,faucibus orci luctus et ultrices,2021-01-31T07:07:10Z,5809
208,Humfrey Mailey,hmailey5r@patch.com,sapien in sapien iaculis congue vivamus,2021-01-23T18:43:33Z,8840
209,Tatiana Jenkyn,tjenkyn5s@merriam-webster.com,erat tortor,2020-08-08T04:51:45Z,4203
210,Maribel Stinton,mstinton5t@slate.com,nisl venenatis lacinia,2020-11-21T06:38:59Z,2843
211,Bryon Pinor,bpinor5u@state.tx.us,nisl nunc nisl duis bibendum felis,2020-08-21T22:27:05Z,7720
212,Doralyn A'field,dafield5v@berkeley.edu,est quam pharetra magna,2020-12-28T00:00:58Z,5032
213,Jewell Seman,jseman5w@etsy.com,pellentesque viverra,2020-11-19T12:55:44Z,2527
214,Abigail Sealand,asealand5x@simplemachines.org,aliquet at feugiat non pretium quis,2021-03-15T13:10:30Z,7278
215,Salim Kilvington,skilvington5y@ftc.gov,imperdiet et commodo,2021-02-14T09:33:23Z,1533
216,Cathi Margery,cmargery5z@cnn.com,vel pede,2020-06-13T19:30:27Z,6869
217,Perren Windram,pwindram60@google.fr,nulla ac enim in,2020-12-25T12:54:05Z,1451
218,Issie Halwood,ihalwood61@pagesperso-orange.fr,quisque id,2020-11-29T03:55:53Z,6448
219,Albina Cator,acator62@xing.com,eu interdum,2020-12-29T18:55:56Z,8623
220,Tiffany Fishlee,tfishlee63@wix.com,quam sollicitudin vitae consectetuer eget rutrum,2020-06-01T18:44:44Z,1641
221,Fedora Chmarny,fchmarny64@rediff.com,quam nec dui luctus,2021-03-05T22:05:33Z,2895
222,Chryste Kneale,ckneale65@feedburner.com,varius integer ac leo pellentesque,2020-08-17T14:27:05Z,8229
223,Clem Ferroli,cferroli66@youku.com,volutpat dui maecenas tristique,2020-09-08T21:33:00Z,6907
224,Maegan Romaint,mromaint67@biblegateway.com,magna bibendum imperdiet nullam orci,2021-04-02T21:32:42Z,8563
225,Dionis Beades,dbeades68@engadget.com,sit amet consectetuer,2020-10-06T22:32:01Z,9587
226,Mauricio Jojic,mjojic69@4shared.com,molestie nibh,2020-05-08T08:20:41Z,8802
227,Daron Boissier,dboissier6a@china.com.cn,blandit nam,2021-04-04T03:12:10Z,9711
228,Robbie Abbati,rabbati6b@netscape.com,posuere cubilia curae duis faucibus accumsan,2021-01-24T21:57:20Z,2709
229,Andrew Woodus,awoodus6c@army.mil,ac lobortis,2021-03-04T05:46:12Z,9513
230,Abbey Gromley,agromley6d@newsvine.com,libero quis orci nullam molestie,2020-10-30T21:22:40Z,7327
231,Godart Lowe,glowe6e@ihg.com,donec ut,2020-06-21T18:35:09Z,5809
232,Robb Crab,rcrab6f@shutterfly.com,nunc vestibulum,2021-02-01T15:01:22Z,4941
233,Marney MacCarrick,mmaccarrick6g@biglobe.ne.jp,interdum mauris ullamcorper purus sit,2020-09-15T12:15:36Z,1043
234,Constantia Crang,ccrang6h@rambler.ru,a pede,2020-06-10T09:13:30Z,6426
235,Andromache Peacham,apeacham6i@reference.com,vestibulum sagittis sapien cum sociis,2020-05-19T10:43:01Z,8709
236,Flemming Dufour,fdufour6j@ifeng.com,integer non velit donec diam neque,2020-11-04T03:45:03Z,9151
237,Tiphanie Fessier,tfessier6k@liveinternet.ru,tincidunt lacus at velit,2020-04-17T02:59:04Z,2326
238,Dougy Feaks,dfeaks6l@bluehost.com,rhoncus aliquam,2020-05-20T23:08:32Z,7548
239,Caresse Mainwaring,cmainwaring6m@google.com.au,mus vivamus vestibulum sagittis sapien cum,2020-12-20T04:49:08Z,7804
240,Janina Mintrim,jmintrim6n@cbsnews.com,neque libero convallis eget,2020-08-06T04:26:37Z,1525
241,Augusto McGiveen,amcgiveen6o@indiegogo.com,lectus suspendisse potenti in eleifend quam,2020-09-22T19:54:10Z,4688
242,Jerry Tiptaft,jtiptaft6p@state.tx.us,eget tincidunt eget tempus vel,2020-06-10T04:38:32Z,8311
243,Brittney Rennard,brennard6q@ifeng.com,et ultrices posuere cubilia curae mauris,2021-03-29T05:24:52Z,6088
244,Nahum Lott,nlott6r@twitpic.com,pharetra magna vestibulum,2020-12-15T08:51:30Z,3203
245,Charmine Hadigate,chadigate6s@twitpic.com,nibh fusce,2020-04-13T04:43:11Z,6657
246,Kevon Edmonson,kedmonson6t@symantec.com,etiam vel,2020-08-15T13:27:10Z,6189
247,Sidnee Fresson,sfresson6u@google.co.uk,dictumst maecenas ut,2020-09-12T10:19:13Z,4920
248,Diane Conyer,dconyer6v@nhs.uk,nascetur ridiculus mus,2020-09-08T05:32:08Z,3768
249,Drucy Clavey,dclavey6w@diigo.com,primis in,2020-12-07T16:58:32Z,1846
250,Tresa Bridat,tbridat6x@wikispaces.com,lorem ipsum dolor sit amet,2020-06-28T11:06:13Z,4410
251,Crin Dolling,cdolling6y@123-reg.co.uk,proin interdum mauris non ligula pellentesque,2020-08-27T14:10:40Z,4301
252,Gabbi Georger,ggeorger6z@cpanel.net,curabitur convallis duis consequat dui nec,2020-10-30T15:54:20Z,3003
253,Benni Budding,bbudding70@mit.edu,luctus tincidunt,2020-06-28T14:31:57Z,6251
254,Nichole Curmi,ncurmi71@webeden.co.uk,justo sollicitudin ut suscipit a,2020-08-10T18:24:20Z,4777
255,Riley Portriss,rportriss72@businesswire.com,tempor convallis nulla neque libero convallis,2021-02-11T21:33:57Z,7593
256,Rocky Fretwell,rfretwell73@shutterfly.com,ultrices posuere cubilia curae duis faucibus,2020-11-17T23:36:54Z,3514
257,Kissiah MacCarlich,kmaccarlich74@hatena.ne.jp,lectus pellentesque,2021-03-25T03:28:32Z,1800
258,Doretta Kalinowsky,dkalinowsky75@list-manage.com,at diam nam,2020-09-09T21:03:42Z,7636
259,Debbi Clarkson,dclarkson76@discovery.com,dui luctus rutrum,2020-05-15T09:27:57Z,3825
260,Darlleen De Bell,dde77@slashdot.org,non interdum in ante vestibulum ante,2020-09-07T11:32:45Z,9618
261,Todd Benedetti,tbenedetti78@myspace.com,turpis adipiscing lorem vitae mattis,2021-04-02T16:58:45Z,2187
262,Dalis Fortey,dfortey79@illinois.edu,eu tincidunt,2020-04-26T08:27:11Z,2028
263,Laryssa Croci,lcroci7a@drupal.org,vestibulum sagittis sapien cum sociis,2020-10-02T13:45:24Z,1636
264,Deny Marousek,dmarousek7b@pagesperso-orange.fr,nec euismod scelerisque,2020-04-07T05:50:09Z,5418
265,Sibby Miner,sminer7c@forbes.com,curae duis faucibus accumsan odio curabitur,2020-07-24T00:41:21Z,2271
266,Teirtza Kembry,tkembry7d@wufoo.com,est lacinia,2020-04-11T16:23:51Z,1647
267,Brittne Easterbrook,beasterbrook7e@w3.org,tempus vel pede morbi,2020-04-28T17:35:06Z,2966
268,Kettie Schimaschke,kschimaschke7f@google.com.hk,sit amet erat,2021-01-01T15:28:11Z,9450
269,Gregorio Brittain,gbrittain7g@example.com,amet sapien dignissim vestibulum vestibulum,2020-05-08T10:56:00Z,1098
270,Justine Guttridge,jguttridge7h@naver.com,sed interdum venenatis turpis,2020-05-10T22:09:35Z,7665
271,Angelia Ponton,aponton7i@wunderground.com,posuere felis,2020-10-27T02:07:53Z,2317
272,Giacomo Markl,gmarkl7j@europa.eu,dui maecenas tristique,2020-12-20T11:47:37Z,1153
273,Harmon Lippitt,hlippitt7k@accuweather.com,luctus rutrum nulla tellus in sagittis,2020-08-17T20:16:21Z,9777
274,Riobard Rickman,rrickman7l@netvibes.com,sapien dignissim,2020-12-08T18:51:41Z,2361
275,Philippe Grevile,pgrevile7m@sogou.com,quam sapien,2020-06-09T05:00:44Z,2593
276,Amy Sliney,asliney7n@nhs.uk,justo sit amet sapien,2020-04-23T17:43:19Z,9854
277,Quincy Ander,qander7o@ibm.com,elit sodales scelerisque mauris sit amet,2020-05-22T21:22:11Z,9767
278,Callida Coltart,ccoltart7p@marketwatch.com,morbi vel lectus in,2020-06-02T14:59:26Z,7715
279,Dianna Wilshere,dwilshere7q@cornell.edu,penatibus et,2021-02-09T01:25:37Z,1939
280,Chrisse Skillett,cskillett7r@zimbio.com,odio justo sollicitudin ut suscipit,2020-07-10T01:50:32Z,1482
281,Benita Pudding,bpudding7s@gov.uk,lacus curabitur,2020-07-02T11:09:01Z,3052
282,Desdemona Farn,dfarn7t@com.com,consequat in consequat ut,2020-11-29T00:00:08Z,5713
283,Maury Norsister,mnorsister7u@mashable.com,cubilia curae donec,2020-05-31T19:09:03Z,7823
284,Rhiamon Llop,rllop7v@tinyurl.com,ipsum integer a nibh in quis,2021-02-08T02:53:07Z,2449
285,Tatiana Gunningham,tgunningham7w@zimbio.com,erat curabitur gravida nisi,2021-03-01T02:50:48Z,1018
286,Danette Bonnier,dbonnier7x@pcworld.com,platea dictumst maecenas,2020-09-11T12:13:02Z,9184
287,Amber Barnes,abarnes7y@csmonitor.com,aenean auctor gravida sem,2020-07-25T09:49:37Z,3672
288,Rheta Guiducci,rguiducci7z@wiley.com,donec ut dolor morbi,2021-01-29T00:56:28Z,4898
289,Trumann Dechelette,tdechelette80@sogou.com,consequat ut nulla,2020-06-09T20:24:55Z,2622
290,Gavra Donoher,gdonoher81@reference.com,ac diam cras,2020-12-05T22:15:07Z,1396
291,Laurence Kunkel,lkunkel82@google.nl,et magnis dis,2020-04-08T04:40:01Z,4168
292,Millie Howley,mhowley83@phpbb.com,erat curabitur gravida,2020-10-09T14:49:15Z,9486
293,Herculie Probart,hprobart84@pen.io,neque sapien placerat ante nulla justo,2020-12-20T22:41:57Z,7371
294,Amye Mainston,amainston85@networkadvertising.org,cursus urna ut,2021-01-20T01:27:01Z,5801
295,Faustina Cremin,fcremin86@twitter.com,donec posuere,2020-07-10T10:36:39Z,8509
296,Elvyn Manach,emanach87@i2i.jp,a feugiat et eros vestibulum,2020-05-12T16:51:26Z,6910
297,Meade Drewell,mdrewell88@toplist.cz,vehicula condimentum curabitur,2021-01-22T03:30:16Z,3842
298,Karlene McKleod,kmckleod89@huffingtonpost.com,sapien placerat ante nulla justo,2020-04-11T14:08:18Z,7573
299,Malynda Medway,mmedway8a@alibaba.com,pede morbi porttitor lorem id,2020-07-30T22:50:49Z,8168
300,Rea Boshard,rboshard8b@icio.us,id mauris vulputate elementum nullam,2020-11-19T19:03:08Z,3881
301,Dillon Gelder,dgelder8c@wordpress.org,in faucibus orci,2020-11-02T04:39:46Z,2951
302,Mickie Jaquin,mjaquin8d@shinystat.com,ut mauris eget,2021-02-22T18:05:03Z,2353
303,Kristofer Tibald,ktibald8e@youku.com,at turpis a pede posuere nonummy,2020-04-27T23:12:57Z,1623
304,Vincenz Stockley,vstockley8f@xrea.com,tellus nisi eu orci,2020-11-27T16:50:39Z,9784
305,Gwenette Deetlof,gdeetlof8g@buzzfeed.com,tristique in tempus sit amet,2020-12-11T08:29:43Z,5237
306,Farah Sones,fsones8h@newsvine.com,interdum venenatis turpis,2020-08-05T18:46:26Z,4637
307,Terri Brisco,tbrisco8i@ifeng.com,varius nulla facilisi cras,2021-02-05T04:28:52Z,7027
308,Jefferson Marmyon,jmarmyon8j@dedecms.com,sapien varius,2020-04-13T21:54:01Z,1908
309,Eirena Chastand,echastand8k@harvard.edu,ante vestibulum ante ipsum primis,2021-03-27T15:11:56Z,7937
310,Eziechiele MacCambridge,emaccambridge8l@sitemeter.com,volutpat in congue etiam,2021-01-12T08:47:44Z,9095
311,Allegra Collings,acollings8m@simplemachines.org,tellus in,2020-08-23T23:16:07Z,5069
312,Ahmad Aucutt,aaucutt8n@constantcontact.com,sit amet sem,2020-09-01T17:23:30Z,1601
313,Fawne Fortye,ffortye8o@phpbb.com,habitasse platea dictumst aliquam augue quam,2020-12-15T16:52:59Z,3568
314,Osborn Jahnig,ojahnig8p@theglobeandmail.com,vel ipsum praesent blandit lacinia,2020-08-05T04:58:43Z,3727
315,Cora Haacker,chaacker8q@slashdot.org,quam pede lobortis ligula,2020-12-26T04:41:25Z,4876
316,Prent Sikorski,psikorski8r@huffingtonpost.com,pellentesque volutpat dui,2021-02-01T06:25:29Z,6126
317,Gustave Muckart,gmuckart8s@surveymonkey.com,ut dolor morbi vel lectus in,2020-12-18T00:01:54Z,1356
318,Elnore Ivashnyov,eivashnyov8t@nhs.uk,pretium nisl,2020-05-13T15:11:51Z,4423
319,Barney Uridge,buridge8u@paypal.com,elementum eu interdum eu tincidunt,2020-08-08T02:24:47Z,7149
320,Everett Done,edone8v@qq.com,morbi sem mauris laoreet ut rhoncus,2020-07-14T15:38:58Z,6135
321,Colly McPhilip,cmcphilip8w@ftc.gov,ante vivamus tortor duis mattis,2020-07-15T08:42:33Z,8682
322,Thaddeus Letixier,tletixier8x@amazon.de,posuere cubilia curae mauris,2020-06-11T18:52:11Z,4801
323,Gladys Guntrip,gguntrip8y@squidoo.com,ligula pellentesque,2020-06-08T23:14:17Z,7022
324,Jerad Truran,jtruran8z@scribd.com,in blandit ultrices enim lorem ipsum,2020-05-03T17:39:00Z,8813
325,Raquela Cabrara,rcabrara90@w3.org,metus sapien ut nunc,2020-06-24T11:17:16Z,7860
326,Robbin Epine,repine91@alibaba.com,amet eleifend,2020-09-21T05:06:39Z,5197
327,Venita Warrender,vwarrender92@addthis.com,ut at dolor quis,2020-11-03T11:26:17Z,7291
328,Elita Fuentez,efuentez93@topsy.com,dolor sit amet consectetuer,2021-02-27T17:03:39Z,1171
329,Daveta Meller,dmeller94@walmart.com,fusce consequat nulla,2020-10-04T15:27:53Z,7604
330,Earvin Norvill,enorvill95@nytimes.com,vulputate elementum nullam varius nulla,2020-08-03T08:47:52Z,7857
331,Cordelia Newton,cnewton96@webnode.com,et commodo vulputate justo,2020-10-25T12:40:27Z,9688
332,Diena Dodson,ddodson97@youtube.com,primis in faucibus orci luctus et,2020-06-30T12:03:50Z,8386
333,Grantley Walley,gwalley98@webs.com,blandit mi in porttitor pede justo,2020-11-24T19:14:28Z,2097
334,Charlotta Rochford,crochford99@fastcompany.com,ligula sit amet eleifend,2020-08-08T16:08:02Z,7839
335,Nicol Gregolotti,ngregolotti9a@bloglines.com,vel dapibus,2021-02-22T17:37:09Z,8709
336,Yulma Sutton,ysutton9b@xrea.com,vestibulum ante ipsum,2020-05-12T19:52:39Z,7414
337,Desiri Shillabeare,dshillabeare9c@123-reg.co.uk,auctor sed tristique in,2020-04-28T05:15:06Z,4722
338,Sondra Gadesby,sgadesby9d@craigslist.org,sed accumsan felis ut,2021-01-22T05:19:33Z,3380
339,Joey Rozec,jrozec9e@g.co,est quam pharetra,2020-10-25T10:30:48Z,7239
340,Datha Scaice,dscaice9f@sohu.com,lacinia erat,2021-02-11T18:56:08Z,6327
341,Leonelle Sibille,lsibille9g@usa.gov,phasellus id sapien in sapien iaculis,2020-06-28T20:11:55Z,4203
342,Ursula Kunz,ukunz9h@addtoany.com,ac tellus semper interdum mauris,2020-09-14T07:22:19Z,1266
343,Kirstyn Jerred,kjerred9i@mlb.com,phasellus sit amet,2020-09-24T20:38:50Z,8636
344,Jacki O'Crevy,jocrevy9j@miitbeian.gov.cn,amet consectetuer adipiscing elit proin risus,2020-11-23T05:17:11Z,7792
345,Doralia Cooley,dcooley9k@vistaprint.com,iaculis diam erat fermentum justo,2020-06-05T00:34:47Z,6583
346,Maryanne Deaconson,mdeaconson9l@oaic.gov.au,auctor gravida sem,2020-05-31T17:17:37Z,2478
347,Stern Stoller,sstoller9m@archive.org,nulla justo aliquam quis,2020-07-14T10:06:09Z,1707
348,Hedwiga Spackman,hspackman9n@cnbc.com,suspendisse potenti nullam,2020-08-09T12:21:52Z,5418
349,Bennett Dunckley,bdunckley9o@devhub.com,libero nam dui proin,2020-10-19T23:45:11Z,3757
350,Normand Ferrario,nferrario9p@ehow.com,aliquam quis turpis,2021-01-27T04:10:40Z,6472
351,Christabel Gullane,cgullane9q@joomla.org,eget semper rutrum,2020-05-10T15:01:31Z,9173
352,Anette Marchbank,amarchbank9r@google.nl,malesuada in,2021-02-19T09:31:12Z,3930
353,Geri Magauran,gmagauran9s@cpanel.net,ultrices posuere cubilia curae duis faucibus,2020-05-23T13:47:45Z,8639
354,Sharia Synnott,ssynnott9t@baidu.com,varius ut blandit,2021-03-19T00:52:24Z,9042
355,Morgen Grollmann,mgrollmann9u@gnu.org,id massa id,2020-06-17T09:28:06Z,7235
356,Patsy Barniss,pbarniss9v@cisco.com,phasellus in felis donec semper sapien,2020-05-30T21:28:32Z,1521
357,Tris Fleischmann,tfleischmann9w@statcounter.com,ligula nec sem duis aliquam,2020-06-17T03:44:53Z,5194
358,Grenville Ligertwood,gligertwood9x@businesswire.com,mus etiam vel,2021-02-01T05:03:54Z,6355
359,Therese Paolotto,tpaolotto9y@newyorker.com,vestibulum vestibulum ante,2020-04-21T23:33:42Z,6124
360,Niccolo Wilshire,nwilshire9z@nature.com,integer non velit,2020-09-07T10:09:10Z,9933
361,Clementine Marland,cmarlanda0@ed.gov,justo etiam,2020-12-23T17:50:06Z,4276
362,Rickey Linham,rlinhama1@mlb.com,in sapien iaculis,2020-06-20T21:34:05Z,7591
363,Gae Kolak,gkolaka2@about.me,in quam fringilla,2021-04-03T06:05:17Z,9617
364,Rhona Dansie,rdansiea3@yahoo.co.jp,mattis egestas metus aenean fermentum donec,2020-04-13T09:17:55Z,5534
365,Shelley Crowhurst,scrowhursta4@tripod.com,quis turpis eget elit sodales,2020-10-02T21:34:06Z,8293
366,Christel Dyball,cdyballa5@ebay.com,lacus morbi sem,2020-07-11T21:41:13Z,3047
367,Riordan Ashdown,rashdowna6@nyu.edu,donec semper sapien a libero,2020-04-10T20:46:43Z,4144
368,Rosemary Wrightham,rwrighthama7@state.gov,amet diam in,2020-07-29T02:49:40Z,9670
369,Rabbi Champney,rchampneya8@histats.com,nulla ultrices aliquet maecenas leo,2020-08-31T20:35:56Z,6761
370,Brittne Dinjes,bdinjesa9@google.es,quam pharetra magna ac,2020-10-03T09:03:28Z,1217
371,Gena O'Halleghane,gohalleghaneaa@wsj.com,ac nibh fusce,2021-02-13T11:11:06Z,4386
372,Farlay Tomczak,ftomczakab@usatoday.com,convallis tortor risus dapibus,2020-10-20T09:15:55Z,6277
373,Jeri Dunbar,jdunbarac@opensource.org,molestie nibh in lectus,2020-11-14T13:32:27Z,4321
374,Vivian Warden,vwardenad@com.com,cum sociis,2020-09-07T22:13:54Z,9942
375,Allen Chiplen,achiplenae@fotki.com,quam a odio in,2021-01-21T18:46:37Z,9967
376,Wittie Widdowson,wwiddowsonaf@pen.io,et ultrices posuere cubilia curae nulla,2020-09-05T02:12:33Z,3915
377,Benny Cleobury,bcleoburyag@washingtonpost.com,orci luctus et,2021-03-06T10:23:26Z,7717
378,Pandora Glanester,pglanesterah@qq.com,primis in faucibus orci luctus et,2020-09-16T07:51:35Z,1637
379,Jewelle Carolan,jcarolanai@lulu.com,hac habitasse platea dictumst aliquam,2020-07-06T08:49:42Z,5465
380,Thorvald Flintoffe,tflintoffeaj@a8.net,ullamcorper purus,2020-05-08T04:22:17Z,2781
381,Rorie Oxx,roxxak@ask.com,ultrices vel augue vestibulum ante ipsum,2020-08-20T22:05:17Z,2637
382,Darrick Rooze,droozeal@posterous.com,nisi eu orci mauris lacinia,2020-11-06T14:43:52Z,8441
383,Jolee Durrance,jdurranceam@surveymonkey.com,sodales sed tincidunt eu,2021-03-22T13:48:51Z,1605
384,Earle Diche,edichean@paginegialle.it,semper interdum mauris ullamcorper,2020-06-01T10:33:03Z,6170
385,Charline Napthine,cnapthineao@indiatimes.com,donec quis,2020-06-17T12:43:36Z,9933
386,Hortensia Glanester,hglanesterap@sciencedaily.com,ac enim in tempor,2020-04-15T18:35:11Z,3150
387,Morly Leynagh,mleynaghaq@nih.gov,integer aliquet massa,2020-12-07T19:19:55Z,2540
388,Cthrine MacKill,cmackillar@geocities.jp,nulla neque libero convallis eget,2020-11-27T12:31:17Z,2986
389,Jodi Bacchus,jbacchusas@themeforest.net,sociis natoque penatibus et magnis dis,2020-12-25T19:23:58Z,5750
390,Bernadene MacWhirter,bmacwhirterat@businessinsider.com,eu orci mauris lacinia sapien quis,2020-05-29T13:06:08Z,8407
391,Valentina Ratnege,vratnegeau@wiley.com,vitae nisl aenean lectus pellentesque,2020-07-12T22:26:01Z,4528
392,Damiano Toohey,dtooheyav@ft.com,massa id nisl venenatis,2021-02-28T02:57:56Z,7227
393,Olva Spiller,ospilleraw@bigcartel.com,justo nec condimentum neque sapien,2020-07-25T07:53:02Z,3337
394,Baldwin Frean,bfreanax@weebly.com,gravida sem praesent,2021-01-03T03:21:14Z,5681
395,Ardella Searles,asearlesay@exblog.jp,a feugiat et,2020-04-14T22:06:55Z,7895
396,Avram Gommery,agommeryaz@nyu.edu,integer pede justo lacinia,2020-12-19T10:21:56Z,6055
397,Deloris Akaster,dakasterb0@icq.com,elementum nullam varius,2021-02-19T10:53:36Z,6669
398,Nadine McBryde,nmcbrydeb1@apple.com,sollicitudin ut suscipit a feugiat et,2020-08-02T20:01:59Z,2500
399,Rafaellle Covely,rcovelyb2@oaic.gov.au,purus aliquet,2020-08-28T16:17:42Z,2768
400,Horatius Kenryd,hkenrydb3@google.ru,duis consequat,2021-03-23T00:54:46Z,3102
401,Lek Wison,lwisonb4@irs.gov,in felis donec,2020-08-04T22:37:43Z,4414
402,Tad Thon,tthonb5@rambler.ru,sapien cursus vestibulum,2020-12-19T14:59:25Z,7099
403,Byran Leeder,bleederb6@tumblr.com,sed tristique in tempus sit,2021-03-02T10:54:14Z,5268
404,Rudy Ethridge,rethridgeb7@hugedomains.com,justo morbi ut odio,2021-03-03T20:30:04Z,5058
405,Jessica Dybell,jdybellb8@sfgate.com,etiam vel augue vestibulum,2020-06-14T07:52:36Z,3711
406,Estelle Filipponi,efilipponib9@wisc.edu,curabitur in libero ut massa volutpat,2021-02-06T03:34:56Z,5451
407,Penelope Lackie,plackieba@scientificamerican.com,at ipsum ac,2021-04-05T12:16:09Z,5184
408,Sarena McDuff,smcduffbb@home.pl,elit ac,2020-08-23T06:19:04Z,2737
409,Lolly Fabb,lfabbbc@oracle.com,mauris sit amet eros,2020-10-14T04:49:53Z,5690
410,Joelie Skellington,jskellingtonbd@columbia.edu,sapien sapien non mi,2020-12-21T09:44:31Z,6101
411,Flossie Dell 'Orto,fdellbe@answers.com,augue vel,2020-10-13T00:53:34Z,7826
412,Jada Fanthome,jfanthomebf@merriam-webster.com,duis at velit eu est congue,2020-05-08T07:40:44Z,2302
413,Mercie Terlinden,mterlindenbg@economist.com,nisi venenatis tristique fusce congue,2020-07-17T13:56:09Z,2833
414,Alfy Krook,akrookbh@pcworld.com,et ultrices posuere cubilia curae,2020-06-29T03:47:08Z,5236
415,Mavra Hadleigh,mhadleighbi@fastcompany.com,vel dapibus at diam nam,2020-09-30T19:45:02Z,3615
416,Carissa Riddoch,criddochbj@mediafire.com,ut erat curabitur gravida,2020-06-02T09:58:20Z,7449
417,Hali Dressel,hdresselbk@statcounter.com,ac lobortis vel dapibus,2020-08-02T21:31:35Z,3527
418,Lian Strewthers,lstrewthersbl@nydailynews.com,aliquam sit amet,2020-10-19T09:21:07Z,1373
419,Dexter Rahill,drahillbm@unicef.org,eu magna vulputate,2020-12-10T23:01:31Z,7605
420,Gizela Agney,gagneybn@w3.org,potenti nullam porttitor lacus at turpis,2020-08-23T19:45:15Z,7822
421,Marisa Bennison,mbennisonbo@google.pl,platea dictumst,2020-06-16T08:17:34Z,9467
422,Royal M'Chirrie,rmchirriebp@taobao.com,orci pede,2020-05-25T19:43:11Z,4886
423,Joseph Thombleson,jthomblesonbq@163.com,elit sodales scelerisque mauris sit,2021-01-13T23:00:37Z,2594
424,Franchot Colegate,fcolegatebr@ihg.com,vulputate justo in,2020-10-03T12:11:37Z,1968
425,Wallas Milnes,wmilnesbs@comsenz.com,nullam varius,2020-06-08T06:03:16Z,7565
426,Averell Falkous,afalkousbt@moonfruit.com,ante ipsum primis in faucibus orci,2020-05-25T14:52:06Z,4298
427,Dani Scamwell,dscamwellbu@shutterfly.com,luctus tincidunt nulla mollis molestie lorem,2020-08-17T06:11:15Z,2186
428,Paddie Alltimes,palltimesbv@un.org,metus vitae,2020-10-20T07:42:32Z,1223
429,Enrichetta Kelling,ekellingbw@google.de,lacus morbi sem mauris laoreet,2020-07-27T12:06:08Z,7304
430,Devan Vassbender,dvassbenderbx@amazon.co.jp,tincidunt nulla mollis molestie lorem,2020-07-29T17:30:36Z,3430
431,Sofia Myderscough,smyderscoughby@artisteer.com,potenti cras in purus eu,2021-04-05T03:53:18Z,7506
432,Dante Hammerson,dhammersonbz@angelfire.com,dapibus augue vel,2021-03-31T04:33:22Z,5622
433,Anna-diana Andino,aandinoc0@go.com,molestie lorem quisque,2020-10-13T11:41:07Z,1430
434,Thebault Nettle,tnettlec1@census.gov,mauris ullamcorper purus,2021-01-27T02:01:57Z,5330
435,Mortie Pautard,mpautardc2@163.com,ridiculus mus etiam vel,2021-02-26T17:59:31Z,3062
436,Joscelin Costelloe,jcostelloec3@nydailynews.com,nunc purus phasellus,2020-09-30T11:41:02Z,2247
437,Elfrieda Tryme,etrymec4@mac.com,elementum in hac habitasse,2020-05-16T05:45:00Z,3612
438,Rebecka Crace,rcracec5@dailymotion.com,diam erat fermentum,2021-03-29T11:25:22Z,5834
439,Pippy Somerton,psomertonc6@cisco.com,ante ipsum,2020-12-04T20:04:57Z,2516
440,Dierdre Arthurs,darthursc7@sciencedirect.com,lectus vestibulum quam sapien varius,2020-08-13T00:07:15Z,9124
441,Alaster Michael,amichaelc8@bbb.org,pulvinar lobortis est,2020-09-22T00:31:05Z,9677
442,Nickolai Breheny,nbrehenyc9@mozilla.org,nec euismod,2020-10-09T01:46:27Z,2972
443,Ira Fidelus,ifidelusca@bing.com,venenatis turpis enim blandit mi in,2020-07-04T11:25:09Z,4053
444,Ursa Studd,ustuddcb@bravesites.com,viverra eget congue eget semper rutrum,2020-04-29T21:29:23Z,4899
445,Cordie Chismon,cchismoncc@chron.com,id nulla ultrices aliquet maecenas,2020-05-14T04:25:23Z,3813
446,Shawnee Farryan,sfarryancd@vk.com,ut massa volutpat convallis,2021-02-04T15:44:54Z,8209
447,Osbourne Alvarado,oalvaradoce@github.io,dolor morbi,2020-11-13T16:40:34Z,3116
448,Ivar Mateiko,imateikocf@arstechnica.com,amet lobortis sapien,2020-06-30T01:26:56Z,6435
449,Evanne Sorrel,esorrelcg@usa.gov,orci pede venenatis non sodales,2020-10-06T01:06:03Z,3841
450,Neill Grieger,ngriegerch@sohu.com,sollicitudin mi,2021-04-06T06:53:53Z,4280
451,Chiquia Ellum,cellumci@amazon.co.uk,nec sem duis aliquam convallis,2021-02-22T13:19:16Z,6566
452,Marlon Fearenside,mfearensidecj@umn.edu,euismod scelerisque quam turpis adipiscing lorem,2021-03-12T15:44:02Z,7522
453,Donielle Yeabsley,dyeabsleyck@odnoklassniki.ru,justo morbi ut odio cras mi,2020-07-03T10:07:07Z,5080
454,Brina Athelstan,bathelstancl@google.nl,dictumst aliquam augue quam sollicitudin,2020-12-31T00:11:32Z,2450
455,Linn Barreau,lbarreaucm@ning.com,cubilia curae mauris viverra diam vitae,2020-04-08T06:50:38Z,7991
456,Ignazio Cottill,icottillcn@aol.com,molestie hendrerit at vulputate vitae,2020-12-31T08:27:39Z,5886
457,Alverta McCloughlin,amccloughlinco@china.com.cn,dolor vel est donec,2021-03-28T03:32:07Z,4962
458,Perri De Anesy,pdecp@live.com,at velit eu est congue,2020-10-29T16:05:56Z,9485
459,Augusto Megroff,amegroffcq@de.vu,quisque ut erat curabitur gravida nisi,2021-01-09T06:12:15Z,5127
460,Ignatius Yourell,iyourellcr@slate.com,ante ipsum,2021-03-03T14:02:36Z,9018
461,Jedidiah Westcot,jwestcotcs@booking.com,erat vestibulum sed,2020-11-24T06:21:56Z,1965
462,Carmel Malkin,cmalkinct@jugem.jp,curae nulla dapibus,2020-10-23T07:28:43Z,8345
463,Goober Cooksley,gcooksleycu@ameblo.jp,varius nulla facilisi cras,2021-02-17T06:23:13Z,8307
464,Lane OIlier,loiliercv@uol.com.br,pede ullamcorper augue a suscipit nulla,2021-01-21T19:47:59Z,1688
465,Karlie Pittock,kpittockcw@phoca.cz,consequat nulla nisl nunc nisl duis,2020-08-10T02:39:13Z,8219
466,Isabelle Cordelle,icordellecx@shareasale.com,enim in tempor turpis nec euismod,2020-04-22T10:00:56Z,1349
467,Yankee Vallintine,yvallintinecy@dailymail.co.uk,venenatis tristique fusce congue diam,2020-09-12T13:00:17Z,4180
468,Raul Wales,rwalescz@webmd.com,aliquam non mauris morbi,2020-04-08T11:14:57Z,9320
469,Dewain Donoher,ddonoherd0@google.co.jp,integer non velit,2020-06-29T02:53:53Z,1263
470,Jody Lowne,jlowned1@technorati.com,vivamus metus arcu,2020-09-16T14:04:44Z,7749
471,Griffin Hillan,ghilland2@hc360.com,dignissim vestibulum vestibulum ante ipsum primis,2020-12-30T19:27:12Z,4439
472,Reggie Dunphy,rdunphyd3@smugmug.com,mauris laoreet ut rhoncus aliquet,2021-02-20T02:13:20Z,4511
473,Loella Boxhill,lboxhilld4@livejournal.com,nisl ut volutpat sapien,2021-02-25T14:05:24Z,8623
474,Kliment Smogur,ksmogurd5@typepad.com,ultrices aliquet,2020-07-13T13:49:39Z,9596
475,Rebbecca Bealing,rbealingd6@census.gov,risus auctor sed tristique in,2020-07-02T01:51:22Z,4469
476,Wendi Lattka,wlattkad7@answers.com,dictumst etiam,2021-03-26T06:44:49Z,6062
477,Hugues Doble,hdobled8@uiuc.edu,orci luctus et,2020-11-06T10:54:33Z,7266
478,Dawna Dohmann,ddohmannd9@comcast.net,diam nam,2020-07-27T13:41:13Z,9355
479,Caye Griston,cgristonda@reuters.com,neque aenean auctor gravida sem,2021-03-27T05:57:36Z,5149
480,Osmund Dabrowski,odabrowskidb@illinois.edu,ultrices enim lorem ipsum dolor,2021-01-18T08:52:43Z,9228
481,Burt Stemp,bstempdc@about.com,eu tincidunt,2021-03-29T21:09:31Z,2390
482,Dianne Wimbridge,dwimbridgedd@bbc.co.uk,luctus nec molestie sed justo,2020-04-28T20:58:36Z,8271
483,Lynea Tabary,ltabaryde@photobucket.com,dapibus nulla suscipit ligula,2020-07-26T02:40:58Z,6051
484,Paula Manuely,pmanuelydf@webnode.com,vestibulum eget vulputate ut,2020-06-24T18:44:37Z,2217
485,Edythe Moralee,emoraleedg@theglobeandmail.com,vestibulum ac est lacinia,2021-02-08T06:34:21Z,8185
486,Alric Carmo,acarmodh@etsy.com,odio curabitur,2020-07-28T12:04:52Z,4048
487,Bruis Sharville,bsharvilledi@rediff.com,pede venenatis non sodales,2020-04-23T01:22:12Z,9276
488,Klarika Battison,kbattisondj@creativecommons.org,primis in faucibus,2021-02-28T16:21:44Z,3034
489,Howey Tampion,htampiondk@freewebs.com,ipsum integer a,2021-03-01T08:19:32Z,6460
490,Humbert Binford,hbinforddl@gnu.org,sapien varius ut blandit,2020-12-14T01:46:52Z,5388
491,Oralie Asche,oaschedm@simplemachines.org,ut ultrices vel,2020-11-16T23:45:31Z,5994
492,Brynna Kornalik,bkornalikdn@aol.com,ullamcorper augue a suscipit,2021-01-29T22:03:17Z,4149
493,Dyana Cahey,dcaheydo@imageshack.us,vitae mattis nibh ligula nec sem,2020-09-28T12:35:22Z,3786
494,Sofie Keaveny,skeavenydp@cornell.edu,elit ac,2020-11-11T00:19:23Z,7686
495,Nancee Regelous,nregelousdq@mysql.com,at diam,2021-04-05T21:31:31Z,3652
496,Bibi Pleasants,bpleasantsdr@google.it,duis at velit,2020-12-17T11:45:30Z,5169
497,Debera MacSweeney,dmacsweeneyds@360.cn,nibh quisque,2020-06-18T15:05:38Z,9931
498,Herb Edridge,hedridgedt@google.it,dapibus nulla suscipit ligula,2021-02-24T07:09:34Z,5300
499,Barbe Raffeorty,braffeortydu@multiply.com,vivamus tortor,2020-05-17T02:33:00Z,2129
500,Sherline Swyre,sswyredv@elpais.com,sagittis sapien cum sociis natoque,2020-09-03T12:25:57Z,2196
501,Glynn Cay,gcaydw@soundcloud.com,posuere felis sed lacus morbi,2021-02-18T18:54:09Z,5823
502,Derrek Makeswell,dmakeswelldx@freewebs.com,morbi porttitor lorem id ligula,2020-07-20T10:14:24Z,5824
503,Drusy Epsly,depslydy@unesco.org,congue risus semper porta volutpat,2021-02-25T21:25:56Z,3047
504,Sherie McGinley,smcginleydz@loc.gov,at velit vivamus,2021-01-04T12:50:47Z,5784
505,Agnella Bearne,abearnee0@plala.or.jp,quam fringilla,2020-08-01T06:50:37Z,3042
506,Frederich Ruffle,frufflee1@hhs.gov,morbi sem,2020-04-20T09:30:34Z,6846
507,Georgeta Camilio,gcamilioe2@intel.com,nunc nisl duis bibendum,2020-08-21T19:11:49Z,9678
508,Alfie Shutt,ashutte3@cpanel.net,sapien placerat ante nulla justo aliquam,2021-02-13T23:59:57Z,4518
509,Normie Saye,nsayee4@mashable.com,duis ac nibh fusce lacus purus,2020-09-15T08:28:37Z,7591
510,Farrah Benettelli,fbenettellie5@foxnews.com,turpis eget,2020-06-08T02:29:30Z,4705
511,Elijah Gasnoll,egasnolle6@webeden.co.uk,sem duis,2020-04-07T00:32:35Z,7536
512,Rudd Maxworthy,rmaxworthye7@apache.org,vulputate ut ultrices vel augue,2021-01-14T01:38:34Z,3074
513,Shaine Andrioni,sandrionie8@arizona.edu,nunc commodo placerat praesent blandit nam,2020-11-22T08:46:09Z,3830
514,Kikelia Hounson,khounsone9@nydailynews.com,commodo vulputate justo in blandit ultrices,2020-11-15T03:19:43Z,9588
515,Goldarina Grzegorek,ggrzegorekea@cbslocal.com,dictumst etiam,2021-03-13T07:11:17Z,2870
516,Alaine Melesk,ameleskeb@spiegel.de,vel pede,2021-02-26T12:04:41Z,5654
517,Ryon Skivington,rskivingtonec@t-online.de,amet diam in magna bibendum imperdiet,2020-12-06T00:07:34Z,9379
518,Winifred Faulconbridge,wfaulconbridgeed@europa.eu,tellus nisi,2020-05-23T16:53:01Z,2794
519,Fredra Andrei,fandreiee@gmpg.org,tincidunt eget tempus vel pede morbi,2020-08-28T01:04:38Z,4274
520,Nanette Zanini,nzaninief@bbb.org,luctus nec molestie sed justo pellentesque,2020-05-17T08:15:53Z,2934
521,Gunner Carman,gcarmaneg@mac.com,habitasse platea dictumst,2020-08-28T09:41:22Z,8488
522,Pat Cuthbertson,pcuthbertsoneh@bandcamp.com,enim lorem ipsum dolor sit,2020-06-11T01:13:54Z,9360
523,Paige Escale,pescaleei@wisc.edu,vestibulum velit,2021-01-05T02:29:28Z,8105
524,Gibbie Hitzmann,ghitzmannej@google.co.jp,pellentesque eget nunc donec quis orci,2020-11-04T22:59:41Z,1897
525,Pauly Ivanuschka,pivanuschkaek@about.me,pellentesque eget nunc donec quis,2020-08-01T11:01:39Z,2245
526,Kitty Gregg,kgreggel@omniture.com,morbi a ipsum integer a nibh,2021-03-14T00:43:08Z,4844
527,Dasya Dorken,ddorkenem@illinois.edu,at nulla suspendisse potenti cras,2020-11-03T04:13:19Z,2401
528,Catharina Halling,challingen@chronoengine.com,ac lobortis vel,2020-06-19T00:01:10Z,2358
529,Dedie Bish,dbisheo@smh.com.au,nam dui,2021-02-02T21:31:04Z,1513
530,Matthus Afonso,mafonsoep@boston.com,nam dui proin leo odio porttitor,2021-01-11T20:03:04Z,4344
531,Wendeline Dennison,wdennisoneq@businesswire.com,ipsum primis in faucibus,2020-05-30T17:07:59Z,5355
532,Celinka Coggan,ccogganer@ucla.edu,cursus urna ut,2020-08-14T00:44:44Z,1907
533,Natty Honniebal,nhonniebales@tumblr.com,hac habitasse,2021-03-17T00:47:49Z,1792
534,Fanechka Parken,fparkenet@domainmarket.com,posuere metus vitae ipsum aliquam non,2020-11-11T21:38:02Z,3855
535,Hewitt Titcumb,htitcumbeu@taobao.com,placerat praesent blandit nam nulla integer,2020-06-04T07:04:36Z,1606
536,Ryon Wooldridge,rwooldridgeev@ning.com,neque aenean auctor gravida sem,2021-01-13T03:52:31Z,8375
537,Basile Husband,bhusbandew@dell.com,imperdiet et commodo vulputate justo,2021-01-12T23:27:32Z,1190
538,Hurlee Gaynes,hgaynesex@exblog.jp,duis mattis egestas,2020-10-06T01:58:42Z,9419
539,Christiane Togwell,ctogwelley@4shared.com,magna ac consequat,2020-06-06T19:11:58Z,2046
540,Cyb Coie,ccoieez@apache.org,in porttitor,2021-03-31T07:02:10Z,5068
541,Feodora Talby,ftalbyf0@princeton.edu,nunc vestibulum ante ipsum primis in,2020-10-07T12:42:37Z,3604
542,Delores Prydie,dprydief1@wikimedia.org,vulputate nonummy maecenas tincidunt lacus,2020-05-14T11:37:40Z,3141
543,Roshelle Gutridge,rgutridgef2@prlog.org,justo lacinia eget tincidunt eget tempus,2021-01-07T07:34:34Z,1547
544,Merrel McGrane,mmcgranef3@mapquest.com,lorem integer tincidunt ante vel,2021-03-17T19:56:38Z,4522
545,Johnna Wetherburn,jwetherburnf4@spiegel.de,ligula nec sem duis aliquam convallis,2020-07-07T05:51:26Z,2389
546,Hannie Hethron,hhethronf5@slate.com,eget eleifend luctus ultricies eu nibh,2020-07-22T10:23:36Z,4644
547,Shelley Gehrts,sgehrtsf6@barnesandnoble.com,ultrices libero non,2021-04-02T23:41:08Z,9576
548,Kirbie Greatland,kgreatlandf7@nydailynews.com,ut rhoncus aliquet pulvinar sed,2020-11-01T02:05:38Z,3672
549,Xenos Reboulet,xrebouletf8@t-online.de,eu interdum eu,2020-11-16T02:41:18Z,3927
550,Frances Shepley,fshepleyf9@shinystat.com,in quis justo maecenas,2020-11-27T14:53:05Z,4617
551,Alejandrina Bravey,abraveyfa@mediafire.com,id consequat in consequat ut,2020-06-19T17:02:14Z,4456
552,Yorgo Fallanche,yfallanchefb@ed.gov,nulla facilisi cras non velit nec,2020-07-22T15:33:10Z,3226
553,Ragnar Trewett,rtrewettfc@about.com,porta volutpat,2020-12-13T08:40:59Z,6146
554,Giffie MacGuffog,gmacguffogfd@sphinn.com,condimentum neque sapien placerat ante,2021-03-15T08:39:33Z,5741
555,Davis Hudless,dhudlessfe@prweb.com,venenatis turpis enim,2021-03-17T10:36:15Z,6503
556,Ingelbert Satch,isatchff@indiatimes.com,id nulla ultrices aliquet maecenas leo,2020-11-22T10:47:05Z,5845
557,Corabel Najara,cnajarafg@hibu.com,vitae nisl aenean lectus,2020-06-23T00:45:14Z,4139
558,Mahalia Ceschi,mceschifh@lycos.com,sagittis sapien,2020-04-11T22:58:08Z,7135
559,Malinda Pocknell,mpocknellfi@japanpost.jp,interdum mauris ullamcorper,2021-02-20T03:26:25Z,7611
560,Car Pavkovic,cpavkovicfj@livejournal.com,justo aliquam quis turpis eget elit,2021-03-15T12:14:29Z,7412
561,Gae Abramcik,gabramcikfk@microsoft.com,purus eu magna vulputate luctus,2020-09-20T19:42:12Z,6472
562,Joy Shropsheir,jshropsheirfl@senate.gov,non mi,2021-02-04T18:55:57Z,2729
563,Alexandre Sides,asidesfm@php.net,amet erat,2020-07-09T17:18:56Z,4170
564,Harold Tremeer,htremeerfn@addtoany.com,sit amet eleifend pede libero quis,2020-08-14T08:37:46Z,5866
565,Elinor Bittlestone,ebittlestonefo@trellian.com,elit proin risus praesent lectus,2020-12-30T04:08:28Z,5410
566,Sharity McConnachie,smcconnachiefp@bbc.co.uk,rhoncus aliquet pulvinar sed nisl nunc,2021-01-17T04:40:40Z,2545
567,Judon Coltart,jcoltartfq@princeton.edu,non ligula pellentesque ultrices,2020-12-20T01:06:43Z,4861
568,Royce Kolodziejski,rkolodziejskifr@cisco.com,proin interdum mauris,2020-08-23T12:22:56Z,8507
569,Ardella Avrahamov,aavrahamovfs@sciencedirect.com,porta volutpat erat quisque erat,2020-11-05T04:56:27Z,8081
570,Gabie Argente,gargenteft@cmu.edu,sapien ut nunc vestibulum,2020-11-21T21:32:28Z,2091
571,Jemima Keeri,jkeerifu@time.com,non interdum in ante vestibulum,2020-11-18T19:47:38Z,8710
572,Guss McKnish,gmcknishfv@wiley.com,magna vestibulum aliquet ultrices erat,2020-10-29T18:02:35Z,5270
573,Garrot Farnfield,gfarnfieldfw@ca.gov,est congue elementum in hac habitasse,2020-09-03T14:22:11Z,9234
574,Pietro Cheal,pchealfx@unicef.org,ullamcorper augue,2020-06-28T00:46:11Z,6007
575,Sheilah Druery,sdrueryfy@comsenz.com,dui proin leo odio,2020-07-24T03:33:47Z,8605
576,Rana Gabitis,rgabitisfz@ustream.tv,lobortis vel dapibus,2020-08-27T12:58:42Z,6113
577,Maegan Saintpierre,msaintpierreg0@ucoz.ru,mauris non ligula pellentesque ultrices phasellus,2020-12-29T09:32:19Z,6171
578,Persis Kruse,pkruseg1@goodreads.com,lacus morbi sem mauris laoreet ut,2020-10-02T02:38:13Z,2952
579,Adan Powlett,apowlettg2@arizona.edu,mi in porttitor pede,2020-08-14T19:25:54Z,8514
580,Sonya Brightey,sbrighteyg3@deviantart.com,sollicitudin ut,2020-10-04T05:50:56Z,2656
581,Dion Kettoe,dkettoeg4@guardian.co.uk,in leo,2020-04-12T06:12:02Z,2975
582,Davita Tivenan,dtivenang5@github.io,elementum ligula vehicula consequat,2020-09-01T17:08:07Z,9578
583,Mic Oertzen,moertzeng6@nymag.com,congue vivamus metus arcu,2020-05-11T12:50:10Z,3937
584,Kirsten Channer,kchannerg7@sbwire.com,congue diam id ornare,2020-12-16T09:33:39Z,1638
585,Sallyann Belson,sbelsong8@twitter.com,suspendisse accumsan tortor quis turpis sed,2021-01-06T14:24:21Z,6753
586,Aidan Nield,anieldg9@mit.edu,nulla sed accumsan,2021-02-18T21:05:31Z,7356
587,Corly Kasparski,ckasparskiga@diigo.com,ullamcorper purus sit amet nulla quisque,2020-09-06T01:57:02Z,2003
588,Sunny Munnings,smunningsgb@about.com,dolor sit amet consectetuer adipiscing,2020-12-14T18:07:21Z,5714
589,Arlina Blaiklock,ablaiklockgc@addthis.com,sem sed sagittis nam,2020-06-16T19:47:43Z,9607
590,Amara Mendez,amendezgd@moonfruit.com,rutrum nulla tellus in sagittis dui,2020-10-08T05:54:09Z,4558
591,Georgie Vannoni,gvannonige@who.int,volutpat eleifend donec ut dolor morbi,2021-01-19T05:01:14Z,6378
592,Dane Cancellieri,dcancellierigf@simplemachines.org,consectetuer eget rutrum at lorem,2020-08-12T03:36:18Z,6214
593,Sophey Rossbrooke,srossbrookegg@phoca.cz,dis parturient,2020-07-22T07:05:20Z,3165
594,Annie Arniz,aarnizgh@ted.com,odio curabitur convallis,2020-07-09T16:06:23Z,1325
595,Erena Kerbler,ekerblergi@home.pl,purus phasellus in felis donec semper,2020-04-12T08:42:59Z,7636
596,Haleigh Cayet,hcayetgj@cnn.com,in ante,2020-09-09T10:24:01Z,5636
597,Kinnie Feighney,kfeighneygk@europa.eu,aenean fermentum,2020-09-07T13:10:21Z,4976
598,Matt Gymblett,mgymblettgl@shutterfly.com,id pretium iaculis diam,2020-10-12T07:54:25Z,2353
599,Isidoro Speakman,ispeakmangm@apple.com,curabitur convallis,2020-08-27T17:47:33Z,3922
600,Madelene Frondt,mfrondtgn@telegraph.co.uk,a nibh in quis justo maecenas,2020-05-01T19:53:52Z,3530
601,Karry De Cleyne,kdego@blogtalkradio.com,quam sollicitudin vitae,2020-05-09T04:30:29Z,4674
602,Filip Stichel,fstichelgp@rakuten.co.jp,mauris sit,2021-02-18T13:19:37Z,1157
603,Lezlie Cosins,lcosinsgq@theglobeandmail.com,blandit lacinia erat vestibulum sed,2020-10-03T09:27:38Z,2991
604,Sean Mardoll,smardollgr@typepad.com,morbi vestibulum velit id pretium,2020-12-09T14:57:13Z,5694
605,Julina O' Molan,jogs@prnewswire.com,aliquet ultrices erat tortor sollicitudin mi,2021-03-15T01:14:33Z,3499
606,Jamaal Sposito,jspositogt@paginegialle.it,praesent id massa id nisl,2020-05-12T12:59:24Z,1793
607,Hilde Leglise,hleglisegu@opensource.org,sem sed sagittis nam congue,2020-07-07T05:46:28Z,2047
608,Shelba Davidow,sdavidowgv@hibu.com,nulla sed,2020-06-20T06:35:33Z,7496
609,Marina Shippey,mshippeygw@nationalgeographic.com,cum sociis natoque,2020-06-11T06:46:22Z,3045
610,Rowena Bromwich,rbromwichgx@cloudflare.com,lacinia nisi venenatis,2020-12-16T17:36:47Z,2432
611,Wyatt Johantges,wjohantgesgy@prweb.com,tincidunt eu,2020-07-07T10:37:45Z,9618
612,Zilvia Grevel,zgrevelgz@paginegialle.it,vivamus in felis eu,2020-08-21T01:32:47Z,5634
613,Ingeberg Rihosek,irihosekh0@fc2.com,est donec odio,2020-05-26T07:43:23Z,9011
614,Masha Scola,mscolah1@csmonitor.com,molestie hendrerit at,2020-11-16T08:30:26Z,7835
615,Humfrid Brushfield,hbrushfieldh2@prweb.com,velit vivamus vel,2020-04-13T16:14:02Z,5278
616,Karee Puckrin,kpuckrinh3@posterous.com,turpis enim blandit mi in porttitor,2020-07-29T14:43:49Z,3698
617,Mace Dray,mdrayh4@gov.uk,vivamus vel nulla eget eros,2020-11-13T16:15:59Z,9880
618,Trace Gehrels,tgehrelsh5@smugmug.com,est lacinia nisi,2020-06-19T09:31:19Z,9743
619,Mirilla Antonio,mantonioh6@statcounter.com,enim leo rhoncus sed vestibulum sit,2020-12-10T08:49:54Z,6925
620,Aleksandr Gerriessen,agerriessenh7@arizona.edu,justo in blandit ultrices enim lorem,2020-08-07T03:14:55Z,7689
621,Alexa Solly,asollyh8@cbslocal.com,praesent id massa id,2020-12-25T18:15:48Z,6830
622,Donnamarie Francie,dfrancieh9@woothemes.com,dui vel,2020-04-12T07:52:10Z,6376
623,Alec Donnett,adonnettha@godaddy.com,egestas metus,2020-11-02T02:45:44Z,8086
624,Danna MacKniely,dmacknielyhb@bbc.co.uk,quis lectus suspendisse potenti,2021-03-11T01:22:27Z,8060
625,Antonius Colledge,acolledgehc@nasa.gov,iaculis justo,2020-09-12T08:46:39Z,6943
626,David Element,delementhd@biglobe.ne.jp,sit amet justo,2021-03-22T11:14:49Z,3068
627,Winnie Greenhaugh,wgreenhaughhe@google.fr,nulla pede ullamcorper augue a suscipit,2020-06-04T21:41:33Z,7590
628,Kelby Yeell,kyeellhf@cnn.com,metus aenean fermentum donec,2021-03-29T00:18:42Z,2038
629,Maurice Stoddart,mstoddarthg@domainmarket.com,justo in hac habitasse platea,2020-08-14T09:00:40Z,7692
630,Alina Garm,agarmhh@w3.org,tristique in,2020-09-13T11:00:45Z,4548
631,Tristan Byrcher,tbyrcherhi@chronoengine.com,dui luctus,2020-04-23T20:07:01Z,9097
632,Kit Muggach,kmuggachhj@dropbox.com,ultrices phasellus id sapien in sapien,2020-10-18T16:30:35Z,3885
633,Morty Grix,mgrixhk@patch.com,nisl nunc rhoncus dui,2020-08-10T02:20:16Z,6271
634,Marcos Lailey,mlaileyhl@dell.com,in porttitor pede justo eu,2020-07-10T07:21:48Z,9569
635,Dexter Reeveley,dreeveleyhm@virginia.edu,condimentum neque sapien,2020-05-10T19:18:21Z,4490
636,Violet Duplan,vduplanhn@miitbeian.gov.cn,lorem integer tincidunt ante vel ipsum,2020-11-22T14:40:33Z,5187
637,Carina Rendell,crendellho@squarespace.com,phasellus in felis,2020-04-13T21:53:08Z,9485
638,Madeline Yarnall,myarnallhp@sina.com.cn,donec ut,2020-11-02T21:38:33Z,5623
639,Arlee Livesey,aliveseyhq@people.com.cn,libero ut,2021-01-08T19:19:57Z,6722
640,Adolph Cloake,acloakehr@reference.com,luctus ultricies eu nibh quisque,2020-04-17T17:30:32Z,2561
641,Hogan Keig,hkeighs@pcworld.com,vel augue vestibulum ante,2020-12-07T09:23:59Z,5039
642,Glenine Beeckx,gbeeckxht@ycombinator.com,nulla mollis molestie lorem quisque,2020-07-20T17:31:34Z,7727
643,Tory Seddon,tseddonhu@privacy.gov.au,fusce posuere felis sed,2020-12-21T02:18:30Z,4574
644,Garey Lumsdaine,glumsdainehv@slashdot.org,montes nascetur ridiculus,2020-07-07T03:51:56Z,7464
645,Evita Starzaker,estarzakerhw@earthlink.net,vivamus vel nulla eget,2020-09-14T00:42:55Z,2158
646,Bent Gowenlock,bgowenlockhx@wisc.edu,nec molestie sed justo pellentesque viverra,2020-10-04T05:36:52Z,5784
647,Robin Garlicke,rgarlickehy@delicious.com,orci luctus et,2020-06-26T02:48:14Z,1515
648,Ethe Cosslett,ecossletthz@webeden.co.uk,consequat metus sapien ut nunc,2021-03-30T14:23:42Z,3392
649,Meredith Spreckley,mspreckleyi0@dmoz.org,bibendum imperdiet nullam orci pede,2021-01-29T19:37:51Z,6235
650,Saudra Stonier,sstonieri1@netscape.com,eget tincidunt eget tempus vel pede,2020-10-22T14:18:28Z,8841
651,Jonell Rose,jrosei2@fotki.com,et ultrices posuere cubilia curae donec,2021-02-18T00:14:16Z,8009
652,Poul Shouler,pshouleri3@umich.edu,elementum eu,2020-07-08T04:01:13Z,1012
653,Lianne O'Brallaghan,lobrallaghani4@blinklist.com,lacinia erat,2020-07-06T01:51:58Z,1676
654,Loren Petrak,lpetraki5@ycombinator.com,fusce posuere felis sed,2020-11-02T09:20:18Z,6261
655,Clayton Greenland,cgreenlandi6@discuz.net,potenti in eleifend quam a,2021-02-05T14:12:48Z,9185
656,Rori Babin,rbabini7@nsw.gov.au,vivamus tortor duis mattis egestas metus,2020-10-05T15:53:15Z,5066
657,Serena Michie,smichiei8@wunderground.com,metus aenean,2020-05-17T16:40:26Z,9007
658,Reina Scholling,rschollingi9@youtu.be,suscipit a feugiat et eros vestibulum,2020-08-12T12:46:56Z,8283
659,Carlotta Machan,cmachania@discovery.com,nibh in quis justo maecenas,2021-02-04T03:03:47Z,3673
660,Rose Worley,rworleyib@google.co.jp,sem praesent id massa,2021-01-04T17:48:12Z,1028
661,Farrell Shovlin,fshovlinic@businessinsider.com,ut volutpat sapien arcu sed,2020-11-12T09:20:28Z,7825
662,Bendicty Slemming,bslemmingid@nature.com,tortor sollicitudin,2020-06-14T23:03:24Z,3453
663,Lynnell Kinson,lkinsonie@nydailynews.com,justo lacinia eget tincidunt eget,2020-09-06T10:54:26Z,7892
664,Aindrea Estick,aestickif@senate.gov,justo etiam,2020-09-25T13:56:56Z,1178
665,Ollie Freen,ofreenig@macromedia.com,metus aenean fermentum,2021-03-11T22:56:31Z,3604
666,Trudi Danes,tdanesih@jimdo.com,dis parturient montes,2020-08-12T13:10:40Z,5833
667,Hamnet Kleuer,hkleuerii@marriott.com,sit amet erat,2020-04-19T07:24:26Z,2970
668,Elden Rimour,erimourij@patch.com,dui maecenas,2020-07-22T17:17:36Z,8846
669,Nathalia Easen,neasenik@loc.gov,duis faucibus,2020-11-17T03:49:21Z,2037
670,Noreen Curgenuer,ncurgenueril@soundcloud.com,blandit nam nulla integer pede justo,2020-10-08T21:38:22Z,3597
671,Freedman Perell,fperellim@unicef.org,pulvinar sed nisl nunc,2020-04-15T20:39:00Z,7115
672,Gauthier Carrington,gcarringtonin@gov.uk,at lorem integer tincidunt ante,2021-02-12T15:19:06Z,8558
673,Jaquenetta Coult,jcoultio@cdbaby.com,nulla eget eros elementum pellentesque quisque,2020-08-28T06:48:40Z,7232
674,Deanna Oldcroft,doldcroftip@i2i.jp,nulla sed accumsan felis ut at,2020-07-03T01:33:50Z,9593
675,Sheilakathryn Fanning,sfanningiq@meetup.com,consectetuer adipiscing elit proin risus,2020-05-06T17:03:15Z,1468
676,Yurik Rushmare,yrushmareir@sitemeter.com,faucibus orci luctus et ultrices,2020-04-22T10:28:31Z,5390
677,Willa Balser,wbalseris@theglobeandmail.com,nulla suscipit,2020-11-08T02:39:44Z,8503
678,Dorree Calley,dcalleyit@earthlink.net,blandit lacinia erat vestibulum,2021-01-06T03:44:00Z,6444
679,Perceval Semon,psemoniu@washingtonpost.com,in quis justo maecenas rhoncus aliquam,2020-11-03T14:08:58Z,2280
680,Marci Gosker,mgoskeriv@live.com,venenatis lacinia aenean,2021-03-04T06:40:53Z,4940
681,Ronny Soames,rsoamesiw@accuweather.com,orci mauris lacinia sapien,2020-09-30T07:53:11Z,2145
682,Ebba Millen,emillenix@columbia.edu,sollicitudin mi sit amet lobortis,2020-06-21T18:55:10Z,8334
683,Prent Mogford,pmogfordiy@ted.com,curae mauris viverra diam vitae,2021-02-06T19:41:29Z,2093
684,Wyatan Dupre,wdupreiz@odnoklassniki.ru,ut blandit non interdum,2020-12-01T11:46:59Z,2385
685,Alyda Arrington,aarringtonj0@nytimes.com,sit amet,2021-03-18T21:22:20Z,4453
686,Florie Barnby,fbarnbyj1@blogs.com,posuere cubilia,2021-03-13T08:29:27Z,8444
687,Nana Southerell,nsoutherellj2@friendfeed.com,convallis eget eleifend luctus ultricies,2020-06-26T07:22:44Z,5250
688,Berni Avrahm,bavrahmj3@goo.gl,nulla ut erat id mauris vulputate,2020-11-07T12:17:57Z,2951
689,Cecily Bolus,cbolusj4@behance.net,nulla ut erat,2020-07-11T06:46:22Z,2450
690,Marcy Losseljong,mlosseljongj5@flickr.com,lacinia sapien quis libero nullam sit,2020-08-08T23:27:49Z,8245
691,Ezmeralda Islep,eislepj6@aboutads.info,ultrices posuere cubilia curae duis,2020-05-09T16:43:53Z,3685
692,Marcello Reedy,mreedyj7@acquirethisname.com,ligula suspendisse ornare,2021-02-13T06:06:15Z,1635
693,Maurita Valentin,mvalentinj8@blogtalkradio.com,nunc nisl duis,2020-05-11T04:31:30Z,9105
694,Eleonore Grenshiels,egrenshielsj9@cnbc.com,orci luctus et,2020-05-06T13:45:31Z,2364
695,Donica Verna,dvernaja@free.fr,vitae nisl aenean lectus pellentesque,2020-08-31T17:43:54Z,2514
696,Jillie Mapston,jmapstonjb@go.com,dictumst maecenas ut,2020-06-23T12:02:54Z,9490
697,Emilio Rangall,erangalljc@google.pl,lobortis convallis tortor risus dapibus augue,2021-01-14T16:21:14Z,4491
698,Suzanna Barthorpe,sbarthorpejd@e-recht24.de,in faucibus,2020-11-22T02:21:39Z,7879
699,Martita Carletto,mcarlettoje@icio.us,augue vestibulum rutrum,2021-03-08T06:35:37Z,7631
700,Adrianne Ianelli,aianellijf@xinhuanet.com,in magna bibendum imperdiet nullam orci,2020-09-08T08:08:30Z,9838
701,Niall Latan,nlatanjg@devhub.com,quam sollicitudin vitae consectetuer eget rutrum,2020-09-15T19:23:31Z,3569
702,Cherey Tabard,ctabardjh@sina.com.cn,dapibus dolor vel est donec odio,2020-12-15T00:51:04Z,1509
703,Ernie Penhallurick,epenhallurickji@virginia.edu,sapien ut nunc,2020-10-24T01:16:38Z,7698
704,Lela Veart,lveartjj@constantcontact.com,sapien sapien non mi integer,2020-06-04T22:07:19Z,6687
705,Julienne Poll,jpolljk@boston.com,ac consequat metus,2020-08-29T20:16:31Z,5110
706,Johnny Townson,jtownsonjl@pen.io,sit amet turpis,2020-09-23T10:29:57Z,2873
707,Ambrosio Elwyn,aelwynjm@globo.com,eleifend pede libero quis orci nullam,2020-05-31T21:28:31Z,6782
708,Marnia Timpany,mtimpanyjn@mozilla.com,neque vestibulum eget vulputate ut ultrices,2020-11-10T16:35:00Z,8990
709,Nessie Broadbury,nbroadburyjo@yellowbook.com,ligula vehicula consequat morbi a,2021-01-18T00:45:23Z,2579
710,Lemmie Keay,lkeayjp@yandex.ru,a suscipit,2020-06-18T07:58:38Z,6455
711,Raf Sketh,rskethjq@miitbeian.gov.cn,vitae quam suspendisse potenti nullam,2020-10-09T09:28:07Z,5456
712,Nadiya Bertrand,nbertrandjr@google.fr,mi sit,2020-08-23T21:29:35Z,6144
713,Robby Ollis,rollisjs@php.net,id turpis integer aliquet massa,2020-04-15T14:57:50Z,7867
714,Jerrie Shipcott,jshipcottjt@1688.com,interdum mauris non ligula pellentesque,2021-03-31T00:57:29Z,4019
715,Jessie Iacovino,jiacovinoju@joomla.org,nam tristique tortor eu pede,2021-02-09T04:33:51Z,4989
716,Giffard Hawthorn,ghawthornjv@rambler.ru,semper porta volutpat,2020-05-13T11:53:12Z,7664
717,Reginauld Casford,rcasfordjw@tamu.edu,ante ipsum primis in,2020-11-11T07:17:06Z,9307
718,Quintin Tottem,qtottemjx@typepad.com,nec dui,2020-05-09T02:42:01Z,3014
719,Baxter Minghetti,bminghettijy@google.co.jp,rhoncus mauris,2020-07-20T14:47:36Z,4238
720,Marika Fotheringham,mfotheringhamjz@weibo.com,sem mauris laoreet ut rhoncus,2020-07-20T22:19:23Z,2656
721,Sherwin Trusler,struslerk0@businessweek.com,eu interdum eu tincidunt in leo,2020-12-09T11:04:18Z,4509
722,Jeddy Vitte,jvittek1@techcrunch.com,praesent id,2020-12-04T10:22:23Z,7442
723,Cullen Capineer,ccapineerk2@nature.com,consectetuer adipiscing elit proin interdum mauris,2020-04-29T12:29:36Z,5494
724,Caryl Shills,cshillsk3@mysql.com,natoque penatibus,2021-02-24T02:34:28Z,9919
725,Kayla Leggatt,kleggattk4@g.co,curabitur convallis duis consequat dui nec,2020-06-30T18:33:45Z,8800
726,Gwendolyn Ainsworth,gainsworthk5@sun.com,justo eu massa donec,2020-06-06T09:30:46Z,4155
727,Shepard Yitzhak,syitzhakk6@gmpg.org,justo in hac habitasse platea,2020-10-16T06:31:37Z,6554
728,Shea Ansley,sansleyk7@goo.gl,feugiat non pretium quis lectus suspendisse,2020-06-03T20:25:49Z,9576
729,Cacilie Sterzaker,csterzakerk8@mozilla.com,interdum eu tincidunt in leo maecenas,2021-04-01T13:07:25Z,1905
730,Bobinette Spiteri,bspiterik9@yale.edu,orci vehicula condimentum curabitur in libero,2021-01-10T04:12:47Z,9417
731,Lambert Bazely,lbazelyka@meetup.com,ultrices vel augue vestibulum ante ipsum,2020-04-10T01:35:58Z,6368
732,Sidoney Liddicoat,sliddicoatkb@blogtalkradio.com,in lacus curabitur at ipsum,2020-09-08T01:25:59Z,4181
733,Mic Desporte,mdesportekc@facebook.com,porttitor lorem,2020-11-08T08:52:04Z,7223
734,Melania Volante,mvolantekd@google.nl,pulvinar lobortis est phasellus sit amet,2020-05-02T01:48:26Z,6049
735,Corrianne Lenahan,clenahanke@prlog.org,blandit nam nulla integer pede,2020-04-11T08:50:47Z,1775
736,Jayson Granville,jgranvillekf@dailymotion.com,luctus nec molestie sed justo pellentesque,2020-08-16T03:18:43Z,7141
737,Charlene Duly,cdulykg@wunderground.com,erat quisque erat,2021-02-18T20:24:09Z,1102
738,Cary Tidey,ctideykh@facebook.com,aenean lectus pellentesque,2020-12-03T13:35:58Z,4254
739,Magdalena Brockbank,mbrockbankki@netvibes.com,morbi odio odio elementum,2020-12-05T10:56:11Z,8118
740,Tina Eastridge,teastridgekj@narod.ru,consectetuer adipiscing elit proin risus praesent,2020-10-20T01:19:57Z,3982
741,Emmalynn Oliver,eoliverkk@canalblog.com,risus dapibus augue,2021-01-18T10:47:54Z,1365
742,Joli Millier,jmillierkl@themeforest.net,non mauris,2021-01-27T04:21:58Z,3359
743,Nell Summerill,nsummerillkm@bbc.co.uk,massa volutpat convallis morbi,2020-04-22T18:56:02Z,1823
744,Grissel Mixon,gmixonkn@woothemes.com,platea dictumst,2020-06-26T09:08:45Z,1817
745,Cal Bolsteridge,cbolsteridgeko@hostgator.com,fusce lacus,2020-12-09T20:42:48Z,5314
746,Cecilia Whotton,cwhottonkp@sbwire.com,sed lacus,2020-06-24T06:35:12Z,2770
747,Debor Dudley,ddudleykq@51.la,libero nam dui proin leo,2020-05-23T04:25:24Z,1322
748,Merilee Kempshall,mkempshallkr@oakley.com,nulla pede,2021-01-09T23:15:54Z,7215
749,Kristel Caldes,kcaldesks@shutterfly.com,id lobortis convallis tortor risus dapibus,2020-05-28T14:57:22Z,6026
750,Georgetta Budgen,gbudgenkt@dyndns.org,neque vestibulum eget vulputate ut,2020-06-26T17:25:53Z,8774
751,Sacha Hallows,shallowsku@posterous.com,pulvinar nulla,2020-06-21T20:15:37Z,2400
752,Hana Bastiman,hbastimankv@prnewswire.com,tristique est et tempus,2021-02-22T13:08:05Z,7774
753,Tammara Leggat,tleggatkw@google.co.uk,commodo vulputate justo,2020-05-26T03:40:33Z,7466
754,Elias Faulo,efaulokx@va.gov,turpis sed ante,2020-10-15T13:11:15Z,9411
755,Nevsa Manketell,nmanketellky@kickstarter.com,eget tempus vel pede,2020-12-14T15:03:12Z,6601
756,Tiphanie Domniney,tdomnineykz@netscape.com,nisi nam,2020-07-12T01:20:17Z,1859
757,Jacquenetta Leveritt,jleverittl0@theguardian.com,quam a odio in hac habitasse,2020-11-29T21:35:03Z,4615
758,Kris Richter,krichterl1@fda.gov,a ipsum,2020-09-04T22:22:52Z,4294
759,Luella Arminger,larmingerl2@statcounter.com,eget orci vehicula,2020-08-22T00:22:05Z,4316
760,Matti Seston,msestonl3@360.cn,at turpis a,2020-06-06T17:21:15Z,1623
761,Gaspard Lloyd,glloydl4@barnesandnoble.com,mauris non ligula pellentesque ultrices,2020-10-11T06:31:06Z,2575
762,Melissa Stocken,mstockenl5@imdb.com,velit donec diam neque vestibulum,2020-07-17T17:58:27Z,9937
763,Hynda Batchelour,hbatchelourl6@slashdot.org,cras non velit,2020-12-28T23:38:54Z,9219
764,Cristiano Overstall,coverstalll7@dagondesign.com,et magnis dis parturient montes nascetur,2020-11-05T23:13:45Z,9409
765,Pier Gowenlock,pgowenlockl8@cloudflare.com,leo pellentesque ultrices mattis odio donec,2020-06-03T19:06:42Z,6893
766,Ignacio Lejeune,ilejeunel9@webs.com,in hac,2020-06-22T13:00:45Z,9151
767,Shelbi Geddes,sgeddesla@dyndns.org,mauris ullamcorper purus sit amet nulla,2020-11-28T21:29:09Z,7844
768,Maris Harrowing,mharrowinglb@ocn.ne.jp,est phasellus sit,2021-01-02T10:37:51Z,7900
769,Cirstoforo Silverton,csilvertonlc@cloudflare.com,vestibulum aliquet ultrices,2020-11-03T03:30:19Z,7787
770,Shay Jakubowsky,sjakubowskyld@amazonaws.com,duis bibendum,2021-02-06T14:00:19Z,1042
771,Christian Nanuccioi,cnanuccioile@epa.gov,leo odio,2020-10-04T05:30:43Z,5838
772,Viki MacIllrick,vmacillricklf@webs.com,tellus nulla ut erat id,2020-10-01T20:55:22Z,7608
773,Eloise Stook,estooklg@netlog.com,massa donec dapibus,2021-02-26T13:45:32Z,3216
774,Gayle Eyres,geyreslh@indiatimes.com,ac leo pellentesque ultrices mattis,2020-08-24T20:53:34Z,5789
775,Nickola Sommerled,nsommerledli@ovh.net,tempor turpis nec,2021-03-14T21:57:08Z,3535
776,Cthrine Lyness,clynesslj@myspace.com,penatibus et,2021-02-14T16:09:24Z,6158
777,Rosamund Caukill,rcaukilllk@twitter.com,rutrum rutrum neque aenean auctor,2020-10-03T14:34:55Z,5781
778,Nesta Pedler,npedlerll@mashable.com,non sodales sed tincidunt eu felis,2020-10-10T13:37:44Z,9568
779,Concordia Chappel,cchappellm@unicef.org,justo pellentesque viverra pede ac diam,2020-11-15T02:34:01Z,2406
780,Carlene Kment,ckmentln@jugem.jp,ut erat curabitur gravida nisi at,2020-06-28T07:21:39Z,4579
781,Denny Woollin,dwoollinlo@hubpages.com,nullam orci,2020-05-02T04:04:27Z,2229
782,Rafi Middell,rmiddelllp@dion.ne.jp,vitae nisl aenean lectus,2020-11-06T05:05:23Z,4177
783,Jillie Inge,jingelq@weibo.com,maecenas ut massa quis,2020-11-20T18:34:13Z,9015
784,Wadsworth Bonevant,wbonevantlr@smugmug.com,hac habitasse,2020-05-10T01:35:46Z,6989
785,Merna Filipiak,mfilipiakls@yellowbook.com,luctus et ultrices posuere,2021-04-06T05:03:24Z,3724
786,Gusti Pautard,gpautardlt@cisco.com,ante ipsum primis,2020-10-12T18:42:20Z,8905
787,Bell Greig,bgreiglu@dropbox.com,at lorem integer tincidunt,2021-03-23T16:59:26Z,8338
788,Isak Pennetta,ipennettalv@de.vu,curabitur at,2021-02-23T04:46:57Z,4105
789,Haslett Amner,hamnerlw@fema.gov,proin leo odio porttitor,2021-02-03T11:51:25Z,7402
790,Roley Cadding,rcaddinglx@123-reg.co.uk,in tempus sit amet sem fusce,2020-06-09T00:31:55Z,6903
791,Cullen De Hailes,cdely@hao123.com,mi in porttitor,2020-08-15T13:03:37Z,4899
792,Gloria Dewire,gdewirelz@blogger.com,primis in faucibus orci luctus,2021-03-14T21:29:18Z,2751
793,Ursula Dawtry,udawtrym0@ovh.net,enim sit amet nunc,2020-07-06T02:11:43Z,5228
794,Burton Jakobssen,bjakobssenm1@eventbrite.com,amet lobortis sapien sapien,2020-09-12T20:19:49Z,6543
795,Henrie Pawling,hpawlingm2@earthlink.net,in blandit ultrices enim lorem,2020-05-28T20:47:22Z,6252
796,Sheeree Ashingden,sashingdenm3@chronoengine.com,nam nulla integer pede justo,2020-10-29T23:07:35Z,1653
797,Chrystal Grooby,cgroobym4@newsvine.com,aliquam quis turpis eget,2020-07-20T18:41:54Z,8934
798,Erie Chatfield,echatfieldm5@un.org,aenean fermentum donec ut,2020-11-07T06:39:21Z,7262
799,Kylen Pearce,kpearcem6@businessweek.com,vel augue vestibulum,2020-10-17T15:57:01Z,4028
800,Teodoro Abelevitz,tabelevitzm7@hhs.gov,nec euismod scelerisque quam,2020-12-03T17:48:26Z,6088
801,Kaylil Cleary,kclearym8@archive.org,aliquam lacus morbi quis tortor id,2020-07-15T07:24:17Z,4184
802,Aguie Burfitt,aburfittm9@dailymotion.com,accumsan tellus nisi eu orci,2020-09-05T16:17:46Z,6957
803,Lorie Gwin,lgwinma@reddit.com,morbi a ipsum integer a,2020-11-07T00:38:22Z,9688
804,Jamesy Loxly,jloxlymb@statcounter.com,in libero ut massa,2021-01-02T06:16:07Z,9530
805,Guss Grishagin,ggrishaginmc@eepurl.com,faucibus orci luctus et ultrices posuere,2021-01-17T07:05:38Z,8283
806,Rorie Reddihough,rreddihoughmd@gov.uk,consequat in consequat ut,2020-11-18T04:20:34Z,3972
807,Eve Osipenko,eosipenkome@hugedomains.com,molestie nibh in lectus pellentesque,2021-01-04T09:11:54Z,6741
808,Nollie Cronin,ncroninmf@woothemes.com,at vulputate vitae nisl aenean,2020-04-08T18:08:47Z,5381
809,Lucina Beardmore,lbeardmoremg@unblog.fr,interdum mauris ullamcorper purus sit,2020-06-02T19:34:38Z,4297
810,Marcille Bumford,mbumfordmh@ovh.net,vulputate luctus cum,2020-06-11T21:05:23Z,9799
811,Briny Bythell,bbythellmi@mapquest.com,pede ac,2021-02-02T07:52:10Z,4477
812,Zuzana Wolfit,zwolfitmj@istockphoto.com,integer aliquet massa,2021-03-06T04:51:31Z,2101
813,Jacquette Pedro,jpedromk@networksolutions.com,integer non velit donec diam,2021-01-07T00:58:55Z,4914
814,Cherrita Meckiff,cmeckiffml@salon.com,accumsan odio curabitur,2021-02-01T00:34:17Z,3009
815,Arabella Urian,aurianmm@techcrunch.com,nec sem duis aliquam,2021-02-07T16:58:33Z,2390
816,Hillary Raise,hraisemn@ameblo.jp,augue vestibulum ante ipsum,2020-12-19T01:15:24Z,3982
817,Ernestine Crookall,ecrookallmo@dell.com,eu est congue elementum in hac,2020-07-05T15:10:00Z,4200
818,Falito Brobeck,fbrobeckmp@discuz.net,rhoncus aliquet,2020-07-16T05:34:56Z,9529
819,Ronny Braunstein,rbraunsteinmq@zdnet.com,feugiat non pretium quis lectus,2021-02-03T08:23:59Z,4515
820,Ward Johnston,wjohnstonmr@unicef.org,proin eu mi nulla ac,2020-04-28T01:48:16Z,8252
821,Farr Ertel,fertelms@lycos.com,facilisi cras non velit nec nisi,2020-05-02T20:55:48Z,3878
822,Shurwood Dyte,sdytemt@ucsd.edu,sed augue aliquam erat volutpat in,2021-02-12T02:25:38Z,2003
823,Raine Wolpert,rwolpertmu@topsy.com,rhoncus dui vel sem sed sagittis,2021-03-15T11:40:50Z,4000
824,Francene Toffolo,ftoffolomv@diigo.com,ut dolor morbi vel,2020-09-28T18:20:32Z,6566
825,Jacynth Caren,jcarenmw@list-manage.com,mi sit amet lobortis sapien,2020-04-17T21:59:30Z,1484
826,Tiffani Erdes,terdesmx@huffingtonpost.com,nam ultrices libero,2021-01-04T12:36:08Z,2083
827,Cointon Feifer,cfeifermy@google.com.au,dapibus at diam,2020-12-13T15:32:38Z,4384
828,Emelina Gifkins,egifkinsmz@ft.com,leo maecenas pulvinar lobortis est phasellus,2020-08-18T18:30:57Z,2703
829,Stormi Gilfether,sgilfethern0@springer.com,congue risus semper porta,2020-05-03T01:29:57Z,2923
830,Joseito Elvins,jelvinsn1@who.int,pellentesque volutpat,2020-11-11T12:45:12Z,9404
831,Gretta Mateus,gmateusn2@cyberchimps.com,turpis sed ante,2021-02-13T05:49:04Z,5701
832,Alexandre Kiehne,akiehnen3@yahoo.com,aliquam non,2021-01-28T13:59:39Z,2822
833,Georgie Madigan,gmadigann4@oaic.gov.au,maecenas leo odio condimentum id,2020-09-23T18:12:49Z,4750
834,Tammie Ronchka,tronchkan5@telegraph.co.uk,eu tincidunt in leo maecenas,2021-02-22T23:42:37Z,1598
835,Rivkah Wrathall,rwrathalln6@skype.com,quam pharetra magna ac,2020-06-29T10:39:46Z,4305
836,Clyve Elsley,celsleyn7@cnn.com,magna vulputate,2020-04-07T15:23:44Z,2735
837,Francyne Kachel,fkacheln8@ibm.com,vestibulum velit id pretium iaculis diam,2020-12-10T11:03:24Z,2701
838,Marylin Brakespear,mbrakespearn9@washingtonpost.com,nunc rhoncus dui vel sem sed,2020-08-26T10:32:49Z,3031
839,Evanne Imlin,eimlinna@kickstarter.com,vestibulum sit amet cursus,2020-10-31T16:04:40Z,1750
840,Aliza Bowgen,abowgennb@fda.gov,nisl ut,2020-07-02T19:45:48Z,5314
841,Melvyn Hurll,mhurllnc@discovery.com,sociis natoque penatibus et magnis dis,2020-07-04T19:29:29Z,6367
842,Cassi Stenner,cstennernd@slate.com,nibh quisque id justo sit,2020-04-22T19:04:07Z,2932
843,Roddie Ghent,rghentne@businessweek.com,nibh fusce lacus purus aliquet at,2020-04-07T19:03:45Z,1977
844,Beverley Twelftree,btwelftreenf@edublogs.org,ornare imperdiet sapien,2020-12-17T04:27:16Z,9046
845,Sidnee Scherer,sschererng@ycombinator.com,ante ipsum primis in faucibus,2020-09-07T16:30:37Z,4915
846,Berrie Barts,bbartsnh@xinhuanet.com,non velit donec,2020-06-17T09:59:28Z,5241
847,Robina Wrintmore,rwrintmoreni@lulu.com,pede venenatis non sodales,2021-01-14T06:10:47Z,6328
848,Quincy Carlos,qcarlosnj@wordpress.org,maecenas tincidunt,2021-01-28T04:48:19Z,2842
849,Zebulon Vurley,zvurleynk@netlog.com,turpis nec euismod scelerisque quam turpis,2020-11-22T05:58:25Z,6296
850,Giovanni Sabathe,gsabathenl@businessinsider.com,habitasse platea dictumst,2020-08-23T20:07:19Z,5770
851,Trip Weddeburn,tweddeburnnm@ezinearticles.com,cum sociis natoque,2020-07-26T04:22:41Z,1999
852,Carlynn Casino,ccasinonn@google.com.br,vestibulum sit amet cursus,2020-04-09T10:52:36Z,8843
853,Sabra Balaam,sbalaamno@dedecms.com,eleifend pede,2021-03-18T04:47:57Z,2984
854,Holly Shankster,hshanksternp@wunderground.com,at dolor quis,2021-03-06T22:38:35Z,2480
855,Tucker Gosnell,tgosnellnq@de.vu,fermentum donec,2020-05-12T15:58:11Z,3115
856,Brena Silbermann,bsilbermannnr@nyu.edu,est lacinia nisi venenatis tristique fusce,2020-11-04T23:39:48Z,4825
857,Morley Jaquest,mjaquestns@trellian.com,pulvinar sed nisl nunc,2020-10-03T14:18:43Z,9156
858,Jasun Heyball,jheyballnt@google.com,convallis tortor risus,2020-08-20T07:01:48Z,4229
859,Isac Ogilby,iogilbynu@webnode.com,donec semper sapien a libero nam,2020-11-14T23:20:18Z,8937
860,Carie Simkin,csimkinnv@nhs.uk,curae nulla dapibus dolor vel,2020-05-17T20:19:53Z,1979
861,Gilda Bettaney,gbettaneynw@about.com,justo eu massa donec dapibus,2020-05-10T13:17:32Z,1760
862,Gwyneth Chalcraft,gchalcraftnx@mediafire.com,pulvinar sed nisl,2020-08-28T05:53:31Z,8336
863,Camilla Pettinger,cpettingerny@toplist.cz,accumsan odio,2020-12-31T14:42:45Z,5099
864,Tomlin Maddick,tmaddicknz@vinaora.com,orci luctus,2020-09-15T21:33:31Z,1042
865,Langsdon McClaughlin,lmcclaughlino0@wikimedia.org,feugiat et eros vestibulum,2020-10-10T06:50:00Z,7751
866,Adham Bolgar,abolgaro1@flavors.me,ac enim in,2020-12-22T10:50:48Z,8863
867,Julietta Pauley,jpauleyo2@slideshare.net,in congue etiam justo,2021-03-03T22:05:21Z,7056
868,Sharyl Archley,sarchleyo3@google.com,in ante vestibulum ante ipsum primis,2020-09-04T21:30:37Z,1380
869,Aurelia Cowern,acowerno4@chronoengine.com,rutrum rutrum neque,2020-11-15T00:06:36Z,1723
870,Jarred Kincla,jkinclao5@tamu.edu,ridiculus mus etiam vel augue,2020-05-05T08:17:06Z,8694
871,Franchot Slemming,fslemmingo6@who.int,sit amet erat,2020-09-08T07:33:19Z,8768
872,Jose Bickerton,jbickertono7@ustream.tv,pellentesque viverra,2021-03-15T14:08:32Z,8208
873,Brier Ferraron,bferrarono8@merriam-webster.com,eget semper rutrum nulla nunc purus,2020-07-13T02:13:52Z,4081
874,Ab Shimoni,ashimonio9@amazon.com,tristique fusce congue diam,2020-05-26T12:26:13Z,8860
875,Ermengarde Allon,eallonoa@economist.com,orci mauris lacinia sapien quis libero,2020-10-12T06:27:28Z,9466
876,Belle Weston,bwestonob@youku.com,turpis elementum ligula,2020-07-15T15:44:18Z,6991
877,Hannis Edeson,hedesonoc@storify.com,libero non mattis pulvinar nulla,2020-04-26T05:00:53Z,7256
878,Candace Williamson,cwilliamsonod@addthis.com,ac lobortis vel dapibus,2020-08-04T13:12:36Z,7921
879,Mary Adam,madamoe@rambler.ru,nunc vestibulum ante ipsum primis in,2020-07-16T00:14:42Z,5040
880,Rawley Gladbeck,rgladbeckof@ycombinator.com,etiam vel augue vestibulum,2020-10-27T00:26:39Z,3393
881,Rob Kesterton,rkestertonog@studiopress.com,amet sapien,2020-06-30T23:08:51Z,9457
882,Valida Nimmo,vnimmooh@tmall.com,nulla mollis molestie lorem quisque ut,2020-07-16T08:02:10Z,3304
883,Gerri Arnoud,garnoudoi@cnet.com,nullam molestie nibh in lectus,2021-01-09T01:35:33Z,9572
884,Marcel Lagne,mlagneoj@artisteer.com,magnis dis parturient montes nascetur,2020-06-18T20:24:38Z,7915
885,Dwain Knell,dknellok@creativecommons.org,sodales scelerisque mauris sit amet,2020-12-02T18:27:07Z,3024
886,Tove Hattiff,thattiffol@mac.com,nec dui luctus rutrum nulla,2021-02-24T14:56:12Z,1359
887,Aarika Manton,amantonom@behance.net,erat id,2020-10-24T20:22:22Z,7717
888,Garald Wellard,gwellardon@bandcamp.com,orci nullam molestie nibh in,2021-01-20T10:23:32Z,2735
889,Nalani Brooksbie,nbrooksbieoo@guardian.co.uk,ante ipsum,2020-11-17T13:53:02Z,4100
890,Anjanette Timny,atimnyop@macromedia.com,massa volutpat,2020-04-12T17:23:14Z,3237
891,Shalom Dael,sdaeloq@dailymail.co.uk,erat quisque erat eros viverra eget,2021-03-11T07:12:34Z,1419
892,Ethel Ickov,eickovor@uol.com.br,hac habitasse platea dictumst morbi vestibulum,2021-03-03T19:02:37Z,7130
893,Jaimie Shankland,jshanklandos@omniture.com,vel lectus in quam fringilla rhoncus,2020-06-11T14:32:50Z,6138
894,Lidia Dummett,ldummettot@digg.com,nibh quisque id justo sit,2020-06-26T02:52:23Z,3324
895,Terrell Tong,ttongou@smh.com.au,sollicitudin vitae consectetuer,2020-08-25T07:59:19Z,8698
896,Abelard Mance,amanceov@cisco.com,pede ullamcorper augue a suscipit nulla,2020-10-02T22:09:37Z,5960
897,Daffi Tchaikovsky,dtchaikovskyow@networkadvertising.org,ipsum ac tellus semper interdum mauris,2021-01-27T12:46:42Z,3552
898,Mariel Trousdell,mtrousdellox@oakley.com,velit nec,2020-12-24T08:00:28Z,6324
899,Aristotle Bouzek,abouzekoy@noaa.gov,congue risus semper porta volutpat quam,2020-05-24T09:27:28Z,6838
900,Ebonee Vinden,evindenoz@salon.com,accumsan felis,2020-12-11T16:51:47Z,7065
901,Ethyl Ferraro,eferrarop0@chron.com,magna at,2020-09-13T21:46:43Z,3833
902,Letisha Vogelein,lvogeleinp1@boston.com,faucibus accumsan odio curabitur,2021-01-16T09:47:44Z,1498
903,Graham Flower,gflowerp2@miibeian.gov.cn,mauris non ligula pellentesque,2020-11-28T09:01:07Z,6045
904,Maurizia Hamflett,mhamflettp3@dot.gov,viverra eget congue eget,2020-10-28T01:59:57Z,9723
905,Hana Boullen,hboullenp4@squidoo.com,pede ullamcorper augue a suscipit,2020-12-03T14:23:08Z,2641
906,Lock Pach,lpachp5@businessinsider.com,morbi a ipsum,2020-12-23T01:22:47Z,1040
907,Louisa Wimlett,lwimlettp6@discuz.net,amet justo morbi ut odio cras,2021-04-03T14:48:29Z,7420
908,Morna Dunn,mdunnp7@photobucket.com,augue vel accumsan tellus nisi eu,2020-08-14T14:25:45Z,6658
909,Kory Espie,kespiep8@networkadvertising.org,magna vulputate luctus cum,2020-09-07T22:41:48Z,2980
910,Liuka Weedenburg,lweedenburgp9@pinterest.com,hac habitasse platea,2021-03-25T02:27:37Z,6508
911,Devora Stannett,dstannettpa@huffingtonpost.com,cubilia curae,2020-09-24T01:31:48Z,1556
912,Jeff Rudsdale,jrudsdalepb@biblegateway.com,pretium iaculis diam,2020-08-28T04:58:39Z,5681
913,Bebe Sinisbury,bsinisburypc@youtu.be,vestibulum quam sapien varius ut blandit,2020-11-13T21:45:03Z,9987
914,Ivonne Caney,icaneypd@hc360.com,nulla suscipit ligula in lacus,2020-04-27T22:37:18Z,8055
915,Obidiah Vlach,ovlachpe@barnesandnoble.com,neque aenean auctor,2020-08-16T10:43:20Z,1990
916,Francisca Eastope,feastopepf@diigo.com,odio odio elementum eu interdum eu,2021-01-09T03:01:17Z,5965
917,Kessia Dax,kdaxpg@admin.ch,in hac,2020-06-29T16:51:50Z,2408
918,Hervey Hayes,hhayesph@tinypic.com,consequat ut,2020-05-22T13:40:10Z,4269
919,Carmine Valois,cvaloispi@boston.com,nulla elit ac,2020-05-26T16:15:55Z,4215
920,Melodee Bartolomeoni,mbartolomeonipj@engadget.com,penatibus et magnis,2021-03-25T18:12:00Z,4353
921,Tabbatha Bastock,tbastockpk@angelfire.com,amet consectetuer,2020-05-22T15:28:32Z,8338
922,Taddeusz Blazy,tblazypl@godaddy.com,a pede posuere nonummy integer non,2020-04-12T11:05:06Z,5014
923,Fitzgerald Tugman,ftugmanpm@dell.com,erat volutpat in congue,2020-06-13T21:53:29Z,8135
924,Nathan Crews,ncrewspn@cafepress.com,ac leo pellentesque ultrices mattis,2020-09-19T11:30:13Z,8405
925,Zilvia Linkleter,zlinkleterpo@sciencedaily.com,aliquet massa id lobortis,2020-05-19T15:02:54Z,3550
926,Borden Philpotts,bphilpottspp@hp.com,nulla facilisi cras non,2020-12-17T02:04:48Z,3507
927,Clint Amberson,cambersonpq@wisc.edu,orci luctus et,2021-02-27T14:43:03Z,4254
928,Delores Brauninger,dbrauningerpr@chron.com,quis tortor id,2021-03-31T14:22:06Z,5292
929,Yehudi Vakhlov,yvakhlovps@huffingtonpost.com,sed vestibulum sit amet,2021-02-02T10:05:54Z,9935
930,Saree Olley,solleypt@csmonitor.com,curae nulla dapibus dolor vel est,2020-11-01T16:58:18Z,9479
931,Zared Schoenfisch,zschoenfischpu@etsy.com,rutrum ac lobortis,2020-11-29T02:10:08Z,4921
932,Kordula Dyde,kdydepv@archive.org,vehicula consequat morbi,2021-02-14T23:41:19Z,8961
933,Pauly Shay,pshaypw@squarespace.com,lacus morbi quis tortor,2020-09-08T15:20:15Z,1293
934,Rowney Lissaman,rlissamanpx@cornell.edu,nisi nam ultrices,2020-08-03T03:41:48Z,6132
935,Carlo Castanares,ccastanarespy@nba.com,vulputate luctus cum,2021-03-13T20:36:20Z,2889
936,Pierrette Piatkow,ppiatkowpz@youtube.com,nulla nunc purus phasellus,2020-06-17T22:26:43Z,6157
937,Stacy Rawling,srawlingq0@addtoany.com,primis in faucibus,2020-07-26T13:30:02Z,9763
938,Nealson Callacher,ncallacherq1@jugem.jp,turpis nec,2020-08-21T00:32:08Z,2600
939,Luis Sproson,lsprosonq2@ftc.gov,odio in hac habitasse platea,2020-06-16T05:17:33Z,7732
940,Boone Monketon,bmonketonq3@oaic.gov.au,platea dictumst maecenas ut,2020-07-09T17:32:39Z,1651
941,Granville Mateos,gmateosq4@harvard.edu,nibh in quis justo maecenas rhoncus,2021-01-07T15:31:21Z,6894
942,Terrie Eveling,tevelingq5@wix.com,ut nunc vestibulum ante,2020-06-19T13:44:38Z,1910
943,Corabelle Gillespie,cgillespieq6@example.com,consectetuer adipiscing elit proin risus praesent,2021-01-27T11:38:22Z,9841
944,Tabbitha Halvorsen,thalvorsenq7@stanford.edu,vitae quam suspendisse potenti,2021-02-21T18:04:43Z,7754
945,Bradford Pleace,bpleaceq8@i2i.jp,ac nibh fusce,2021-01-17T13:40:34Z,9195
946,Maisie Norwell,mnorwellq9@a8.net,turpis donec posuere metus vitae,2021-02-10T13:33:03Z,7474
947,Valle Berkelay,vberkelayqa@cam.ac.uk,mauris morbi,2020-10-05T22:26:04Z,5798
948,Franchot Howsley,fhowsleyqb@marketwatch.com,dis parturient,2020-05-17T01:05:33Z,9421
949,Tammie Filisov,tfilisovqc@opera.com,in faucibus orci luctus et ultrices,2020-10-19T17:49:27Z,9335
950,Candis Christofides,cchristofidesqd@unesco.org,congue elementum,2020-10-29T01:10:27Z,1531
951,Ronnie Lissimore,rlissimoreqe@yahoo.com,ultrices erat tortor sollicitudin mi,2020-06-06T19:25:25Z,6101
952,Ramona Wilacot,rwilacotqf@indiegogo.com,lectus pellentesque eget nunc,2021-03-21T15:46:23Z,5634
953,Nicko Temperton,ntempertonqg@wufoo.com,vehicula consequat morbi,2020-10-29T16:55:26Z,9483
954,Verine MacTrustram,vmactrustramqh@youtube.com,sit amet,2020-12-04T09:54:55Z,8625
955,Elliott Crumly,ecrumlyqi@ocn.ne.jp,vestibulum vestibulum ante ipsum,2020-05-11T23:05:42Z,5055
956,Joseito Yeomans,jyeomansqj@guardian.co.uk,ipsum praesent blandit lacinia,2020-05-23T10:14:09Z,8341
957,Juan Tiffin,jtiffinqk@zdnet.com,sit amet lobortis sapien sapien non,2021-01-20T05:56:33Z,4061
958,Idalia Thomsson,ithomssonql@amazon.co.jp,ultrices enim lorem ipsum,2020-07-11T10:20:56Z,5172
959,Lilla Meltetal,lmeltetalqm@statcounter.com,vestibulum sit,2020-08-06T23:29:08Z,1123
960,Carl Fleetwood,cfleetwoodqn@cdbaby.com,venenatis turpis enim blandit,2020-10-31T05:59:32Z,2405
961,Audie Sodo,asodoqo@woothemes.com,nisi volutpat eleifend donec ut,2020-09-08T17:58:44Z,6200
962,Grover Heinrici,gheinriciqp@cdc.gov,duis ac nibh fusce lacus,2020-09-16T01:25:44Z,3853
963,Zarah Pattullo,zpattulloqq@surveymonkey.com,pede justo eu massa donec,2020-08-09T03:25:19Z,6089
964,Fara Pohling,fpohlingqr@hao123.com,proin leo odio,2020-12-21T18:39:37Z,6393
965,Shannah Bruins,sbruinsqs@disqus.com,diam vitae quam suspendisse potenti,2020-10-10T12:19:06Z,4118
966,Ulrich Assiratti,uassirattiqt@newyorker.com,vel pede morbi,2020-06-12T23:44:44Z,6339
967,Chrisse Adanez,cadanezqu@surveymonkey.com,nulla elit ac nulla,2020-12-06T23:12:21Z,6105
968,Lorin Goosey,lgooseyqv@businessweek.com,ultricies eu nibh,2020-11-30T11:19:38Z,9558
969,Reggie Hacaud,rhacaudqw@huffingtonpost.com,id lobortis convallis,2020-06-03T18:21:21Z,2322
970,Gabriel Detloff,gdetloffqx@patch.com,blandit lacinia,2021-02-14T01:31:25Z,6856
971,Ginger Bonin,gboninqy@chron.com,aenean auctor,2020-10-15T21:06:56Z,3388
972,Michail Pannaman,mpannamanqz@theguardian.com,lobortis sapien sapien non mi,2020-09-18T06:22:25Z,3673
973,Nanice Rayson,nraysonr0@wired.com,est phasellus sit amet,2021-03-24T06:02:00Z,6683
974,Chip Newrick,cnewrickr1@altervista.org,bibendum imperdiet nullam orci pede venenatis,2020-11-24T07:22:15Z,1613
975,Renee Corlett,rcorlettr2@forbes.com,ligula vehicula consequat morbi,2020-10-10T00:24:31Z,4829
976,Lucy Laidel,llaidelr3@flavors.me,faucibus orci luctus,2021-03-30T01:30:54Z,9490
977,Hayden Commings,hcommingsr4@wsj.com,ridiculus mus etiam,2020-10-23T06:14:23Z,2331
978,Fern Fillis,ffillisr5@google.es,turpis eget elit sodales,2021-01-31T05:24:49Z,3950
979,Shantee Tynan,stynanr6@cbslocal.com,sapien urna pretium nisl ut,2020-11-21T10:08:25Z,1211
980,Brien Aldrick,baldrickr7@salon.com,ac nulla,2020-08-11T02:31:27Z,6569
981,Mickey Beceril,mbecerilr8@tripod.com,nullam molestie nibh in,2021-02-12T07:38:14Z,6246
982,Naomi Pritchitt,npritchittr9@princeton.edu,risus semper porta volutpat,2020-04-11T17:34:28Z,5206
983,Lucille Matys,lmatysra@fema.gov,ultrices aliquet,2020-07-27T20:01:24Z,8745
984,Susi Simionescu,ssimionescurb@delicious.com,vel pede,2020-05-12T09:40:57Z,3477
985,Woody Croose,wcrooserc@hud.gov,at velit vivamus vel nulla eget,2020-05-08T06:28:35Z,2135
986,Neal Pane,npanerd@omniture.com,euismod scelerisque quam turpis adipiscing,2020-04-15T13:19:37Z,9156
987,Tiffie Ilymanov,tilymanovre@freewebs.com,orci nullam,2020-08-26T20:54:42Z,7409
988,Cati Goodinson,cgoodinsonrf@themeforest.net,amet eleifend pede libero quis orci,2021-04-05T10:36:29Z,9685
989,Leanna Duckerin,lduckerinrg@google.com.br,non interdum in ante,2020-09-18T20:35:26Z,6402
990,Lolly Matzeitis,lmatzeitisrh@java.com,eu sapien cursus vestibulum,2020-07-03T00:21:26Z,5122
991,Cissy Siene,csieneri@noaa.gov,nulla neque libero convallis,2020-05-26T12:07:44Z,1811
992,Kizzie Arger,kargerrj@baidu.com,amet justo,2020-04-20T02:41:11Z,5074
993,Shirleen Quakley,squakleyrk@sciencedirect.com,eu sapien cursus vestibulum,2020-08-09T17:07:07Z,9756
994,Nancee Gallico,ngallicorl@list-manage.com,quis libero nullam,2020-09-22T06:26:07Z,2433
995,Jaquelyn Cheer,jcheerrm@springer.com,ligula sit amet eleifend pede libero,2020-07-24T16:23:19Z,1030
996,Nataniel Baumer,nbaumerrn@google.ru,massa id lobortis convallis tortor,2021-01-06T01:02:08Z,6701
997,Star MacKinnon,smackinnonro@nymag.com,in sagittis dui vel nisl duis,2020-07-07T15:21:12Z,2611
998,Clark Thirwell,cthirwellrp@unc.edu,eget tincidunt eget,2020-07-19T02:54:54Z,9940
999,Alyosha Heifer,aheiferrq@altervista.org,id consequat in consequat ut,2021-04-03T09:39:20Z,6199
1000,Lucine Sanchez,lsanchezrr@engadget.com,dolor sit amet consectetuer adipiscing,2020-09-25T12:27:29Z,4239
